id,subset,split,gt_tmh_px,pred_tmh_px,tmh_abs_error_px,gt_tmh_mm,pred_tmh_mm,tmh_abs_error_mm,gt_class,pred_class,class_correct,pred_point_x,pred_point_y,gt_point_x,gt_point_y,point_error_px
Colour2/Color2_000579,Colour2,test,34.0,34.0,0.0,0.3953488372093023,0.3953488372093023,0.0,较高泪河高度,较高泪河高度,1,699.3107569721116,212.56772908366534,700.611017108479,212.31396879112614,1.3247908168069003
Colour2/Color2_000604,Colour2,test,17.0,17.0,0.0,0.19767441860465115,0.19767441860465115,0.0,低泪河高度,低泪河高度,1,692.152,284.312,691.2810508316493,281.48639825897715,2.9567850197000003
Colour2/Color2_000713,Colour2,test,17.0,17.0,0.0,0.19767441860465115,0.19767441860465115,0.0,低泪河高度,低泪河高度,1,657.3478260869565,332.15612648221344,657.5967582526191,327.3218027278118,4.840728600683298
Colour2/Color2_000378,Colour2,test,18.0,24.0,6.0,0.20930232558139536,0.27906976744186046,0.06976744186046512,正常泪河高度,较高泪河高度,0,652.105577689243,367.19123505976097,650.5,362.5,4.95838341620788
Colour2/Color2_000225,Colour2,test,35.0,75.0,40.0,0.4069767441860465,0.872093023255814,0.46511627906976744,较高泪河高度,较高泪河高度,1,838.7333333333333,298.5070707070707,838.3036119711043,295.26666666666665,3.268773285840238
Colour2/Color2_000071,Colour2,test,30.0,30.0,0.0,0.3488372093023256,0.3488372093023256,0.0,较高泪河高度,较高泪河高度,1,682.6733067729084,287.5,680.0,287.0,2.719663417056961
Colour2/Color2_000534,Colour2,test,49.0,50.0,1.0,0.5697674418604651,0.5813953488372093,0.011627906976744186,较高泪河高度,较高泪河高度,1,683.158203125,374.451171875,680.8244831779489,375.97466558573166,2.7869843698706327
Colour1/Color1_000707,Colour1,test,37.0,34.0,3.0,0.43023255813953487,0.3953488372093023,0.03488372093023256,较高泪河高度,较高泪河高度,1,482.9027237354086,431.1459143968872,484.0,431.0,1.1069355049209673
Colour2/Color2_000067,Colour2,test,67.0,66.0,1.0,0.7790697674418605,0.7674418604651163,0.011627906976744186,较高泪河高度,较高泪河高度,1,750.9765625,203.9140625,748.5,205.5,2.9408433433817076
Colour1/Color1_000222,Colour1,test,13.0,13.0,0.0,0.1511627906976744,0.1511627906976744,0.0,低泪河高度,低泪河高度,1,589.6047904191616,441.1796407185629,590.5,445.5,4.41213151598233
Colour1/Color1_000078,Colour1,test,30.0,28.0,2.0,0.3488372093023256,0.32558139534883723,0.023255813953488372,较高泪河高度,较高泪河高度,1,693.9962406015038,415.3646616541353,697.0,415.0,3.0258137163498473
Colour2/Color2_000484,Colour2,test,28.0,32.0,4.0,0.32558139534883723,0.37209302325581395,0.046511627906976744,较高泪河高度,较高泪河高度,1,559.9609375,235.44921875,560.0434868943606,235.30639396346308,0.16496460880632235
Colour2/Color2_000367,Colour2,test,15.0,15.0,0.0,0.1744186046511628,0.1744186046511628,0.0,低泪河高度,低泪河高度,1,709.217803030303,445.592803030303,712.5,443.5,3.8926393965449178
Colour2/Color2_000687,Colour2,test,13.0,12.0,1.0,0.1511627906976744,0.13953488372093023,0.011627906976744186,低泪河高度,低泪河高度,1,744.1634241245137,301.6712062256809,745.733718689788,298.5888246628131,3.4593209045761455
Colour2/Color2_000504,Colour2,test,29.0,25.0,4.0,0.3372093023255814,0.29069767441860467,0.046511627906976744,较高泪河高度,较高泪河高度,1,646.0358490566038,352.1056603773585,644.4012360351794,350.39862134537674,2.3634597492911236
Colour2/Color2_000805,Colour2,test,50.0,49.0,1.0,0.5813953488372093,0.5697674418604651,0.011627906976744186,较高泪河高度,较高泪河高度,1,638.909626719057,408.7760314341847,639.0858923008456,407.30529595015577,1.4812604157625537
Colour1/Color1_000056,Colour1,test,19.0,19.0,0.0,0.22093023255813954,0.22093023255813954,0.0,正常泪河高度,正常泪河高度,1,618.1346534653466,373.13465346534656,617.0,372.0,1.6046423192867352
Colour1/Color1_000678,Colour1,test,14.0,15.0,1.0,0.16279069767441862,0.1744186046511628,0.011627906976744186,低泪河高度,低泪河高度,1,775.5097276264592,434.7140077821012,777.0,432.0,3.0962477272732714
Colour2/Color2_000578,Colour2,test,28.0,28.0,0.0,0.32558139534883723,0.32558139534883723,0.0,较高泪河高度,较高泪河高度,1,608.2450199203187,294.7011952191235,608.6899536943829,294.07771290517417,0.7659610036487982
Colour1/Color1_000818,Colour1,test,26.0,30.0,4.0,0.3023255813953488,0.3488372093023256,0.046511627906976744,较高泪河高度,较高泪河高度,1,622.0,492.2649402390438,621.0,493.0,1.2410934099321254
Colour2/Color2_000725,Colour2,test,15.0,17.0,2.0,0.1744186046511628,0.19767441860465115,0.023255813953488372,低泪河高度,低泪河高度,1,616.1640926640927,402.2084942084942,615.044921875,402.416015625,1.138247949028187
Colour1/Color1_000719,Colour1,test,25.0,25.0,0.0,0.29069767441860467,0.29069767441860467,0.0,较高泪河高度,较高泪河高度,1,664.8471698113208,466.6528301886792,664.0,462.0,4.729326109912276
Colour1/Color1_000571,Colour1,test,14.0,15.0,1.0,0.16279069767441862,0.1744186046511628,0.011627906976744186,低泪河高度,低泪河高度,1,647.9011627906976,434.0329457364341,647.5,436.5,2.4994576059655422
Colour2/Color2_000799,Colour2,test,23.0,23.0,0.0,0.26744186046511625,0.26744186046511625,0.0,正常泪河高度,正常泪河高度,1,520.5010101010101,105.33939393939394,520.4920708955224,102.26515858208955,3.074248353906235
Colour2/Color2_000573,Colour2,test,12.0,10.0,2.0,0.13953488372093023,0.11627906976744186,0.023255813953488372,低泪河高度,低泪河高度,1,617.5234215885947,376.10183299389,616.0429117052348,373.9566389575376,2.6064855588182754
Colour1/Color1_000672,Colour1,test,14.0,13.0,1.0,0.16279069767441862,0.1511627906976744,0.011627906976744186,低泪河高度,低泪河高度,1,693.5175097276265,355.65175097276267,694.0,354.0,1.7207783526525158
Colour1/Color1_000816,Colour1,test,15.0,15.0,0.0,0.1744186046511628,0.1744186046511628,0.0,低泪河高度,低泪河高度,1,738.339393939394,436.9919191919192,738.5,434.5,2.4970894188551855
Colour1/Color1_000395,Colour1,test,22.0,21.0,1.0,0.2558139534883721,0.2441860465116279,0.011627906976744186,正常泪河高度,正常泪河高度,1,588.3740310077519,479.9437984496124,588.5,475.5,4.445583521629721
Colour1/Color1_000048,Colour1,test,14.0,15.0,1.0,0.16279069767441862,0.1744186046511628,0.011627906976744186,低泪河高度,低泪河高度,1,907.0,366.1768060836502,906.5,363.5,2.7231031580655833
Colour1/Color1_000456,Colour1,test,25.0,25.0,0.0,0.29069767441860467,0.29069767441860467,0.0,较高泪河高度,较高泪河高度,1,744.9962121212121,334.29924242424244,750.0,331.0,5.993571031515817
Colour2/Color2_000796,Colour2,test,28.0,27.0,1.0,0.32558139534883723,0.313953488372093,0.011627906976744186,较高泪河高度,较高泪河高度,1,572.4802371541502,364.9881422924901,572.6696596366673,365.1035706828148,0.22182107694239847
Colour1/Color1_000625,Colour1,test,20.0,22.0,2.0,0.23255813953488372,0.2558139534883721,0.023255813953488372,正常泪河高度,正常泪河高度,1,602.3137254901961,398.8058823529412,603.0,395.0,3.8672617169304235
Colour1/Color1_000716,Colour1,test,15.0,15.0,0.0,0.1744186046511628,0.1744186046511628,0.0,低泪河高度,低泪河高度,1,679.6570881226054,501.088122605364,680.5,497.5,3.685800355984707
Colour2/Color2_000120,Colour2,test,19.0,21.0,2.0,0.22093023255813954,0.2441860465116279,0.023255813953488372,正常泪河高度,正常泪河高度,1,663.8540856031128,232.90272373540856,665.0,236.0,3.302459699102296
Colour1/Color1_000408,Colour1,test,12.0,12.0,0.0,0.13953488372093023,0.13953488372093023,0.0,低泪河高度,低泪河高度,1,689.3883299798792,423.50905432595573,691.5,420.5,3.676079189901883
Colour1/Color1_000455,Colour1,test,28.0,26.0,2.0,0.32558139534883723,0.3023255813953488,0.023255813953488372,较高泪河高度,较高泪河高度,1,720.1588594704684,391.10183299389,720.0,394.0,2.902517584212373
Colour2/Color2_000141,Colour2,test,22.0,25.0,3.0,0.2558139534883721,0.29069767441860467,0.03488372093023256,正常泪河高度,较高泪河高度,0,597.115234375,229.466796875,597.0,229.0,0.4808100286926285
Colour1/Color1_000079,Colour1,test,30.0,27.0,3.0,0.3488372093023256,0.313953488372093,0.03488372093023256,较高泪河高度,较高泪河高度,1,728.868068833652,434.131931166348,729.5,432.5,1.750010380169176
Colour1/Color1_000783,Colour1,test,38.0,38.0,0.0,0.4418604651162791,0.4418604651162791,0.0,较高泪河高度,较高泪河高度,1,583.0885311871227,296.70221327967806,582.0,290.0,6.790034093554448
Colour1/Color1_000221,Colour1,test,11.0,11.0,0.0,0.12790697674418605,0.12790697674418605,0.0,低泪河高度,低泪河高度,1,562.2465753424658,412.5518590998043,563.0,406.0,6.595036495597943
Colour2/Color2_000831,Colour2,test,14.0,15.0,1.0,0.16279069767441862,0.1744186046511628,0.011627906976744186,低泪河高度,低泪河高度,1,694.2584269662922,432.8820224719101,697.5,432.5,3.264006265604592
Colour2/Color2_000700,Colour2,test,29.0,28.0,1.0,0.3372093023255814,0.32558139534883723,0.011627906976744186,较高泪河高度,较高泪河高度,1,624.0120240480962,275.55110220440883,626.5080128205128,273.18790064102564,3.4372491299302745
Colour1/Color1_000508,Colour1,test,19.0,17.0,2.0,0.22093023255813954,0.19767441860465115,0.023255813953488372,正常泪河高度,低泪河高度,0,677.5772200772201,280.9111969111969,678.5,278.5,2.5817423051984
Colour2/Color2_000021,Colour2,test,14.0,13.0,1.0,0.16279069767441862,0.1511627906976744,0.011627906976744186,低泪河高度,低泪河高度,1,746.2628458498024,410.15810276679844,746.6507036747458,412.5689992181392,2.441895860076214
Colour1/Color1_000680,Colour1,test,20.0,21.0,1.0,0.23255813953488372,0.2441860465116279,0.011627906976744186,正常泪河高度,正常泪河高度,1,639.088122605364,481.3429118773946,640.0,484.0,2.8092058796284003
Colour1/Color1_000367,Colour1,test,30.0,30.0,0.0,0.3488372093023256,0.3488372093023256,0.0,较高泪河高度,较高泪河高度,1,761.6375968992248,397.8313953488372,763.5,396.5,2.289357745019827
Colour1/Color1_000050,Colour1,test,26.0,28.0,2.0,0.3023255813953488,0.32558139534883723,0.023255813953488372,较高泪河高度,较高泪河高度,1,609.748046875,471.384765625,611.0,470.0,1.8668054165817354
Colour2/Color2_000022,Colour2,test,17.0,18.0,1.0,0.19767441860465115,0.20930232558139536,0.011627906976744186,低泪河高度,正常泪河高度,0,768.7094861660079,232.6679841897233,766.5653488372093,233.88790697674418,2.4668880175314634
Colour1/Color1_000362,Colour1,test,14.0,13.0,1.0,0.16279069767441862,0.1511627906976744,0.011627906976744186,低泪河高度,低泪河高度,1,661.0099601593625,551.605577689243,661.0,559.0,7.394429018835448
Colour1/Color1_000332,Colour1,test,21.0,23.0,2.0,0.2441860465116279,0.26744186046511625,0.023255813953488372,正常泪河高度,正常泪河高度,1,743.007874015748,416.90551181102364,744.5,413.5,3.7180573755526485
Colour2/Color2_000561,Colour2,test,15.0,15.0,0.0,0.1744186046511628,0.1744186046511628,0.0,低泪河高度,低泪河高度,1,624.7270875763747,340.9144602851324,624.7831780407957,340.5391589020398,0.37946971993849116
Colour1/Color1_000316,Colour1,test,29.0,29.0,0.0,0.3372093023255814,0.3372093023255814,0.0,较高泪河高度,较高泪河高度,1,659.1683366733467,149.6933867735471,659.0,147.0,2.698642167370829
Colour2/Color2_000559,Colour2,test,42.0,42.0,0.0,0.4883720930232558,0.4883720930232558,0.0,较高泪河高度,较高泪河高度,1,626.5772200772201,293.9111969111969,626.2022341168257,292.98557132883406,0.9986977466768643
Colour2/Color2_000324,Colour2,test,33.0,36.0,3.0,0.38372093023255816,0.4186046511627907,0.03488372093023256,较高泪河高度,较高泪河高度,1,639.5600775193799,321.52906976744185,640.0,321.0,0.6880745655638857
Colour1/Color1_000724,Colour1,test,16.0,17.0,1.0,0.18604651162790697,0.19767441860465115,0.011627906976744186,低泪河高度,低泪河高度,1,710.1710794297352,470.4704684317719,711.0,472.0,1.7397057596083416
Colour1/Color1_000210,Colour1,test,24.0,24.0,0.0,0.27906976744186046,0.27906976744186046,0.0,较高泪河高度,较高泪河高度,1,761.9962121212121,432.70075757575756,764.0,432.0,2.122787564302851
Colour2/Color2_000705,Colour2,test,14.0,15.0,1.0,0.16279069767441862,0.1744186046511628,0.011627906976744186,低泪河高度,低泪河高度,1,628.5478927203065,397.8103448275862,629.6593285635663,395.86241056686845,2.2427076309141634
Colour1/Color1_000430,Colour1,test,19.0,19.0,0.0,0.22093023255813954,0.22093023255813954,0.0,正常泪河高度,正常泪河高度,1,765.9610894941634,496.8968871595331,767.0,497.0,1.0440149888803498
Colour1/Color1_000732,Colour1,test,17.0,17.0,0.0,0.19767441860465115,0.19767441860465115,0.0,低泪河高度,低泪河高度,1,826.6533066132265,248.1002004008016,827.0,245.0,3.119525417361261
Colour2/Color2_000512,Colour2,test,16.0,17.0,1.0,0.18604651162790697,0.19767441860465115,0.011627906976744186,低泪河高度,低泪河高度,1,740.0980392156863,352.02941176470586,740.3281110116383,350.13921217547,1.9041500777092097
Colour1/Color1_000746,Colour1,test,12.0,13.0,1.0,0.13953488372093023,0.1511627906976744,0.011627906976744186,低泪河高度,低泪河高度,1,670.2868217054264,416.4573643410853,670.5,418.5,2.053729636623885
Colour1/Color1_000631,Colour1,test,13.0,15.0,2.0,0.1511627906976744,0.1744186046511628,0.023255813953488372,低泪河高度,低泪河高度,1,589.8662790697674,498.97868217054264,590.0,501.0,2.0257361760269963
Colour1/Color1_000085,Colour1,test,16.0,15.0,1.0,0.18604651162790697,0.1744186046511628,0.011627906976744186,低泪河高度,低泪河高度,1,697.9242424242424,431.92424242424244,699.0,429.0,3.1158382688354016
Colour1/Color1_000261,Colour1,test,17.0,19.0,2.0,0.19767441860465115,0.22093023255813954,0.023255813953488372,低泪河高度,正常泪河高度,0,659.736328125,382.181640625,663.0,381.0,3.470998224476124
Colour2/Color2_000058,Colour2,test,39.0,39.0,0.0,0.45348837209302323,0.45348837209302323,0.0,较高泪河高度,较高泪河高度,1,677.124060150376,223.23684210526315,678.5,221.5,2.215813838840794
Colour1/Color1_000303,Colour1,test,12.0,13.0,1.0,0.13953488372093023,0.1511627906976744,0.011627906976744186,低泪河高度,低泪河高度,1,684.8277227722772,491.46930693069305,685.5,487.5,4.025835836315555
Colour2/Color2_000309,Colour2,test,13.0,13.0,0.0,0.1511627906976744,0.1511627906976744,0.0,低泪河高度,低泪河高度,1,572.9307535641548,133.27291242362526,571.5,129.5,4.035086605971102
Colour2/Color2_000370,Colour2,test,19.0,19.0,0.0,0.22093023255813954,0.22093023255813954,0.0,正常泪河高度,正常泪河高度,1,620.0,255.7566037735849,619.0,253.0,2.9323820290921483
Colour2/Color2_000787,Colour2,test,19.0,19.0,0.0,0.22093023255813954,0.22093023255813954,0.0,正常泪河高度,正常泪河高度,1,732.533203125,467.529296875,733.5,468.5,1.3700221729572595
Colour1/Color1_000073,Colour1,test,15.0,15.0,0.0,0.1744186046511628,0.1744186046511628,0.0,低泪河高度,低泪河高度,1,624.5466926070039,318.9066147859922,626.0,316.0,3.2496941229422576
Colour2/Color2_000295,Colour2,test,35.0,43.0,8.0,0.4069767441860465,0.5,0.09302325581395349,较高泪河高度,较高泪河高度,1,738.8262548262549,255.1061776061776,739.5,254.5,0.9063022946986717
Colour1/Color1_000305,Colour1,test,27.0,25.0,2.0,0.313953488372093,0.29069767441860467,0.023255813953488372,较高泪河高度,较高泪河高度,1,592.3471698113208,558.7188679245284,594.5,559.5,2.2901626886793958
Colour2/Color2_000570,Colour2,test,37.0,35.0,2.0,0.43023255813953487,0.4069767441860465,0.023255813953488372,较高泪河高度,较高泪河高度,1,822.8936605316974,298.90184049079755,821.1393769968051,294.4410942492013,4.79330447110438
Colour2/Color2_000668,Colour2,test,14.0,12.0,2.0,0.16279069767441862,0.13953488372093023,0.023255813953488372,低泪河高度,低泪河高度,1,792.6521739130435,315.42490118577075,792.6617309697601,312.28258602711156,3.1423296920712183
Colour2/Color2_000493,Colour2,test,38.0,39.0,1.0,0.4418604651162791,0.45348837209302323,0.011627906976744186,较高泪河高度,较高泪河高度,1,552.513671875,190.857421875,552.8881873727088,187.8427698574338,3.0378263026447003
Colour2/Color2_000326,Colour2,test,23.0,26.0,3.0,0.26744186046511625,0.3023255813953488,0.03488372093023256,正常泪河高度,较高泪河高度,0,626.124060150376,255.76315789473685,628.0,255.0,2.0252309230570895
Colour2/Color2_000053,Colour2,test,42.0,42.0,0.0,0.4883720930232558,0.4883720930232558,0.0,较高泪河高度,较高泪河高度,1,609.2584269662922,349.75468164794006,610.0,349.0,1.058052434456889
Colour2/Color2_000307,Colour2,test,28.0,30.0,2.0,0.32558139534883723,0.3488372093023256,0.023255813953488372,较高泪河高度,较高泪河高度,1,634.278118609407,105.5562372188139,632.5,99.5,6.311870961899191
Colour2/Color2_000082,Colour2,test,20.0,21.0,1.0,0.23255813953488372,0.2441860465116279,0.011627906976744186,正常泪河高度,正常泪河高度,1,580.491124260355,315.8007889546351,581.8799924285444,315.95078553851977,1.3969444383319851
Colour2/Color2_000676,Colour2,test,28.0,30.0,2.0,0.32558139534883723,0.3488372093023256,0.023255813953488372,较高泪河高度,较高泪河高度,1,694.0213178294574,393.8662790697674,694.0370025599256,389.3355829648592,4.530723254161549
Colour1/Color1_000536,Colour1,test,13.0,13.0,0.0,0.1511627906976744,0.1511627906976744,0.0,低泪河高度,低泪河高度,1,620.0598802395209,326.5309381237525,618.5,324.5,2.560846739685742
Colour1/Color1_000267,Colour1,test,15.0,17.0,2.0,0.1744186046511628,0.19767441860465115,0.023255813953488372,低泪河高度,低泪河高度,1,718.0594795539033,479.5,720.0,477.0,3.164746372415849
Colour1/Color1_000683,Colour1,test,33.0,45.0,12.0,0.38372093023255816,0.5232558139534884,0.13953488372093023,较高泪河高度,较高泪河高度,1,656.2628336755647,456.86036960985626,656.0,458.0,1.1695464792602381
Colour1/Color1_000007,Colour1,test,20.0,19.0,1.0,0.23255813953488372,0.22093023255813954,0.011627906976744186,正常泪河高度,正常泪河高度,1,611.8346153846154,468.9653846153846,614.5,466.5,3.630757007802092
Colour1/Color1_000090,Colour1,test,11.0,11.0,0.0,0.12790697674418605,0.12790697674418605,0.0,低泪河高度,低泪河高度,1,564.3353174603175,452.06150793650795,568.5,449.5,4.889366376651453
Colour1/Color1_000566,Colour1,test,33.0,32.0,1.0,0.38372093023255816,0.37209302325581395,0.011627906976744186,较高泪河高度,较高泪河高度,1,705.6767676767677,265.7010101010101,705.0,268.0,2.3965327128948135
Colour2/Color2_000593,Colour2,test,20.0,20.0,0.0,0.23255813953488372,0.23255813953488372,0.0,正常泪河高度,正常泪河高度,1,663.197265625,332.373046875,664.8882718791648,330.1408262994225,2.800412621321373
Colour2/Color2_000821,Colour2,test,17.0,17.0,0.0,0.19767441860465115,0.19767441860465115,0.0,低泪河高度,低泪河高度,1,591.9192913385826,263.43110236220474,591.9235645716356,261.9449375113204,1.4861709943760795
Colour1/Color1_000104,Colour1,test,20.0,21.0,1.0,0.23255813953488372,0.2441860465116279,0.011627906976744186,正常泪河高度,正常泪河高度,1,772.2806324110672,496.09683794466406,772.0,493.0,3.1095272640149876
Colour2/Color2_000708,Colour2,test,18.0,13.0,5.0,0.20930232558139536,0.1511627906976744,0.05813953488372093,正常泪河高度,低泪河高度,0,764.43536121673,438.7414448669202,764.248146035368,436.9937250427838,1.7577184381497728
Colour2/Color2_000670,Colour2,test,17.0,15.0,2.0,0.19767441860465115,0.1744186046511628,0.023255813953488372,低泪河高度,低泪河高度,1,759.734496124031,306.8468992248062,759.3024957778194,310.2827922687183,3.462944600817443
Colour2/Color2_000213,Colour2,test,26.0,25.0,1.0,0.3023255813953488,0.29069767441860467,0.011627906976744186,较高泪河高度,较高泪河高度,1,703.1454545454545,468.2020202020202,703.2643653516295,469.9088765008576,1.710993338591978
Colour1/Color1_000540,Colour1,test,20.0,19.0,1.0,0.23255813953488372,0.22093023255813954,0.011627906976744186,正常泪河高度,正常泪河高度,1,811.6566866267465,292.8443113772455,811.5,290.5,2.349541770746777
Colour1/Color1_000416,Colour1,test,19.0,19.0,0.0,0.22093023255813954,0.22093023255813954,0.0,正常泪河高度,正常泪河高度,1,750.384765625,579.408203125,749.0,575.0,4.620587692863475
Colour1/Color1_000702,Colour1,test,10.0,11.0,1.0,0.11627906976744186,0.12790697674418605,0.011627906976744186,低泪河高度,低泪河高度,1,847.2924528301887,171.87547169811322,847.0,167.0,4.884235143498761
Colour1/Color1_000431,Colour1,test,19.0,17.0,2.0,0.22093023255813954,0.19767441860465115,0.023255813953488372,正常泪河高度,低泪河高度,0,638.7832699619772,511.40874524714826,639.5,511.5,0.7225160048899676
Colour2/Color2_000416,Colour2,test,16.0,15.0,1.0,0.18604651162790697,0.1744186046511628,0.011627906976744186,低泪河高度,低泪河高度,1,649.8057142857143,412.7580952380952,649.4054585152838,408.7368995633188,4.041066608780857
Colour1/Color1_000577,Colour1,test,12.0,15.0,3.0,0.13953488372093023,0.1744186046511628,0.03488372093023256,低泪河高度,低泪河高度,1,591.2450199203187,390.7011952191235,591.5,388.5,2.2159140853666996
Colour1/Color1_000557,Colour1,test,17.0,18.0,1.0,0.19767441860465115,0.20930232558139536,0.011627906976744186,低泪河高度,正常泪河高度,0,634.4411764705883,379.89019607843136,636.0,376.0,4.190889681737078
Colour2/Color2_000826,Colour2,test,18.0,17.0,1.0,0.20930232558139536,0.19767441860465115,0.011627906976744186,正常泪河高度,低泪河高度,0,678.2165354330708,328.62598425196853,679.2321460216197,326.3778132199185,2.4669288309396875
Colour2/Color2_000733,Colour2,test,19.0,19.0,0.0,0.22093023255813954,0.22093023255813954,0.0,正常泪河高度,正常泪河高度,1,516.8478701825558,311.84787018255577,517.0,314.0,2.1574999959416377
Colour1/Color1_000219,Colour1,test,16.0,17.0,1.0,0.18604651162790697,0.19767441860465115,0.011627906976744186,低泪河高度,低泪河高度,1,661.7400793650794,391.57738095238096,658.5,388.5,4.468600207905207
Colour1/Color1_000236,Colour1,test,9.0,8.0,1.0,0.10465116279069768,0.09302325581395349,0.011627906976744186,低泪河高度,低泪河高度,1,686.2614503816794,445.3187022900763,686.5,442.5,2.828778626984156
Colour2/Color2_000815,Colour2,test,24.0,23.0,1.0,0.27906976744186046,0.26744186046511625,0.011627906976744186,较高泪河高度,正常泪河高度,0,775.2651072124756,279.0,775.4373690825304,277.04566401340594,1.9619131735047133
Colour1/Color1_000275,Colour1,test,16.0,15.0,1.0,0.18604651162790697,0.1744186046511628,0.011627906976744186,低泪河高度,低泪河高度,1,569.1368209255534,485.4044265593561,569.0,484.0,1.4110754502485552
Colour1/Color1_000212,Colour1,test,24.0,23.0,1.0,0.27906976744186046,0.26744186046511625,0.011627906976744186,较高泪河高度,正常泪河高度,0,562.7258687258687,417.6583011583012,563.5,418.5,1.1435629277417227
Colour1/Color1_000613,Colour1,test,38.0,43.0,5.0,0.4418604651162791,0.5,0.05813953488372093,较高泪河高度,较高泪河高度,1,768.486641221374,404.78053435114504,768.5,402.5,2.280573476939274
Colour2/Color2_000313,Colour2,test,30.0,32.0,2.0,0.3488372093023256,0.37209302325581395,0.023255813953488372,较高泪河高度,较高泪河高度,1,505.13453815261045,169.0,505.0,166.0,3.003015237142135
Colour1/Color1_000016,Colour1,test,9.0,11.0,2.0,0.10465116279069768,0.12790697674418605,0.023255813953488372,低泪河高度,低泪河高度,1,625.5442307692308,385.52884615384613,620.5,382.5,5.883721023036641
Colour2/Color2_000709,Colour2,test,22.0,23.0,1.0,0.2558139534883721,0.26744186046511625,0.011627906976744186,正常泪河高度,正常泪河高度,1,767.328793774319,371.8365758754864,766.3681980374665,369.27743086529887,2.733489958428044
Colour2/Color2_000430,Colour2,test,23.0,25.0,2.0,0.26744186046511625,0.29069767441860467,0.023255813953488372,正常泪河高度,较高泪河高度,0,661.7698259187621,321.8916827852998,665.5,323.5,4.062127883196219
Colour1/Color1_000619,Colour1,test,24.0,24.0,0.0,0.27906976744186046,0.27906976744186046,0.0,较高泪河高度,较高泪河高度,1,664.9578544061303,395.87931034482756,662.5,398.5,3.592918389062299
Colour2/Color2_000290,Colour2,test,13.0,13.0,0.0,0.1511627906976744,0.1511627906976744,0.0,低泪河高度,低泪河高度,1,642.156862745098,286.3392156862745,645.5,285.5,3.446860843318565
Colour2/Color2_000636,Colour2,test,35.0,36.0,1.0,0.4069767441860465,0.4186046511627907,0.011627906976744186,较高泪河高度,较高泪河高度,1,688.3058350100604,342.3722334004024,687.9702535436214,338.7336793771212,3.6539964834347405
Colour2/Color2_000859,Colour2,test,15.0,15.0,0.0,0.1744186046511628,0.1744186046511628,0.0,低泪河高度,低泪河高度,1,754.8920570264766,410.16293279022403,755.3747198565666,412.5459435230838,2.43139950655488
Colour1/Color1_000583,Colour1,test,22.0,23.0,1.0,0.2558139534883721,0.26744186046511625,0.011627906976744186,正常泪河高度,正常泪河高度,1,673.1749049429658,398.61787072243345,675.5,394.5,4.728945581302406
Colour1/Color1_000756,Colour1,test,14.0,15.0,1.0,0.16279069767441862,0.1744186046511628,0.011627906976744186,低泪河高度,低泪河高度,1,588.4233128834355,410.2453987730061,588.0,408.0,2.2849528325766095
Colour1/Color1_000500,Colour1,test,8.0,9.0,1.0,0.09302325581395349,0.10465116279069768,0.011627906976744186,低泪河高度,低泪河高度,1,620.5149700598803,57.51497005988024,620.5,61.5,3.985058058089456
Colour2/Color2_000522,Colour2,test,21.0,19.0,2.0,0.2441860465116279,0.22093023255813954,0.023255813953488372,正常泪河高度,正常泪河高度,1,651.5450980392156,291.5352941176471,650.9835280597587,287.8935069909979,3.684830296995397
Colour1/Color1_000714,Colour1,test,16.0,17.0,1.0,0.18604651162790697,0.19767441860465115,0.011627906976744186,低泪河高度,低泪河高度,1,585.738188976378,288.0846456692913,586.0,283.0,5.091381599755905
Colour1/Color1_000271,Colour1,test,21.0,24.0,3.0,0.2441860465116279,0.27906976744186046,0.03488372093023256,正常泪河高度,较高泪河高度,0,747.9630350194552,342.94163424124514,750.0,341.0,2.8141019631032185
Colour2/Color2_000500,Colour2,test,22.0,21.0,1.0,0.2558139534883721,0.2441860465116279,0.011627906976744186,正常泪河高度,正常泪河高度,1,623.5573440643864,329.5573440643863,621.902589807853,331.0608187134503,2.2357655668458114
Colour2/Color2_000214,Colour2,test,19.0,20.0,1.0,0.22093023255813954,0.23255813953488372,0.011627906976744186,正常泪河高度,正常泪河高度,1,503.5309381237525,214.94011976047904,504.3652064026959,212.29191238416175,2.7765096558867706
Colour1/Color1_000436,Colour1,test,22.0,22.0,0.0,0.2558139534883721,0.2558139534883721,0.0,正常泪河高度,正常泪河高度,1,683.6196911196911,216.71428571428572,683.5,215.5,1.2201703815661533
Colour2/Color2_000279,Colour2,test,26.0,26.0,0.0,0.3023255813953488,0.3023255813953488,0.0,较高泪河高度,较高泪河高度,1,701.1141199226306,204.0328820116054,701.5,200.5,3.553893462392435
Colour1/Color1_000150,Colour1,test,23.0,23.0,0.0,0.26744186046511625,0.26744186046511625,0.0,正常泪河高度,正常泪河高度,1,809.594,451.986,811.0,448.0,4.2267046265382415
Colour1/Color1_000204,Colour1,test,14.0,15.0,1.0,0.16279069767441862,0.1744186046511628,0.011627906976744186,低泪河高度,低泪河高度,1,667.2791164658635,424.8995983935743,663.5,422.5,4.476582816502425
Colour2/Color2_000331,Colour2,test,20.0,21.0,1.0,0.23255813953488372,0.2441860465116279,0.011627906976744186,正常泪河高度,正常泪河高度,1,605.548828125,251.841796875,606.2988131254364,247.36350942518035,4.540653695679917
Colour2/Color2_000450,Colour2,test,22.0,21.0,1.0,0.2558139534883721,0.2441860465116279,0.011627906976744186,正常泪河高度,正常泪河高度,1,673.1188118811881,116.68316831683168,671.6127574990965,113.7571376942537,3.2908745047603243
Colour2/Color2_000116,Colour2,test,46.0,47.0,1.0,0.5348837209302325,0.5465116279069767,0.011627906976744186,较高泪河高度,较高泪河高度,1,607.2200772200772,283.13706563706563,607.8294329432944,281.2540504050405,1.9791565783070608
Colour1/Color1_000019,Colour1,test,27.0,30.0,3.0,0.313953488372093,0.3488372093023256,0.03488372093023256,较高泪河高度,较高泪河高度,1,835.2196531791908,496.77263969171486,833.5,497.5,1.8671529328819543
Colour1/Color1_000148,Colour1,test,22.0,22.0,0.0,0.2558139534883721,0.2558139534883721,0.0,正常泪河高度,正常泪河高度,1,774.8662790697674,524.0213178294574,776.5,521.5,3.0043447996226864
Colour2/Color2_000777,Colour2,test,30.0,30.0,0.0,0.3488372093023256,0.3488372093023256,0.0,较高泪河高度,较高泪河高度,1,720.3468992248062,366.7848837209302,719.0715355805244,362.5994382022472,4.375443590656792
Colour2/Color2_000114,Colour2,test,12.0,11.0,1.0,0.13953488372093023,0.12790697674418605,0.011627906976744186,低泪河高度,低泪河高度,1,636.4850299401197,309.5149700598802,634.9779676258993,308.48133992805754,1.827464929446046
Colour1/Color1_000614,Colour1,test,7.0,7.0,0.0,0.08139534883720931,0.08139534883720931,0.0,低泪河高度,低泪河高度,1,947.4174950298211,179.28429423459244,948.0,179.0,0.6481784107061939
Colour1/Color1_000268,Colour1,test,17.0,17.0,0.0,0.19767441860465115,0.19767441860465115,0.0,低泪河高度,低泪河高度,1,618.6862745098039,400.1941176470588,618.5,402.5,2.31339396096044
Colour2/Color2_000744,Colour2,test,23.0,21.0,2.0,0.26744186046511625,0.2441860465116279,0.023255813953488372,正常泪河高度,正常泪河高度,1,641.0681362725451,233.42084168336675,641.4639862804878,232.9340701219512,0.6274103774971984
Colour2/Color2_000549,Colour2,test,23.0,23.0,0.0,0.26744186046511625,0.26744186046511625,0.0,正常泪河高度,正常泪河高度,1,742.8683206106871,289.8110687022901,743.496283128636,284.2382029734971,5.6081342133640195
Colour1/Color1_000488,Colour1,test,9.0,11.0,2.0,0.10465116279069768,0.12790697674418605,0.023255813953488372,低泪河高度,低泪河高度,1,620.0,430.6939163498099,620.5,426.5,4.223616264435358
Colour1/Color1_000643,Colour1,test,15.0,15.0,0.0,0.1744186046511628,0.1744186046511628,0.0,低泪河高度,低泪河高度,1,684.011811023622,402.04330708661416,683.0,398.0,4.167984374273421
Colour1/Color1_000418,Colour1,test,10.0,10.0,0.0,0.11627906976744186,0.11627906976744186,0.0,低泪河高度,低泪河高度,1,835.0462427745665,414.7842003853564,833.5,412.5,2.758339739474017
Colour1/Color1_000534,Colour1,test,8.0,8.0,0.0,0.09302325581395349,0.09302325581395349,0.0,低泪河高度,低泪河高度,1,690.0,491.68039215686275,692.5,487.5,4.870901208725097
Colour1/Color1_000647,Colour1,test,24.0,23.0,1.0,0.27906976744186046,0.26744186046511625,0.011627906976744186,较高泪河高度,正常泪河高度,0,731.189393939394,317.8219696969697,732.0,312.0,5.878130088550653
Colour2/Color2_000248,Colour2,test,16.0,15.0,1.0,0.18604651162790697,0.1744186046511628,0.011627906976744186,低泪河高度,低泪河高度,1,670.4631782945736,254.95542635658916,668.1205673758865,250.0006447453256,5.480664807454266
Colour2/Color2_000335,Colour2,test,36.0,34.0,2.0,0.4186046511627907,0.3953488372093023,0.023255813953488372,较高泪河高度,较高泪河高度,1,636.3883299798792,279.0,636.5,276.5,2.5024927958725014
Colour2/Color2_000730,Colour2,test,26.0,26.0,0.0,0.3023255813953488,0.3023255813953488,0.0,较高泪河高度,较高泪河高度,1,586.5149700598803,104.51497005988024,585.2081364290117,100.81898500102733,3.9202193425920906
Colour2/Color2_000036,Colour2,test,17.0,17.0,0.0,0.19767441860465115,0.19767441860465115,0.0,低泪河高度,低泪河高度,1,666.9188679245283,385.85283018867926,664.5484408474173,386.47179243037374,2.4499058725886727
Colour1/Color1_000167,Colour1,test,24.0,24.0,0.0,0.27906976744186046,0.27906976744186046,0.0,较高泪河高度,较高泪河高度,1,678.8588235294118,467.5078431372549,680.0,465.0,2.7552787405452577
Colour2/Color2_000446,Colour2,test,43.0,45.0,2.0,0.5,0.5232558139534884,0.023255813953488372,较高泪河高度,较高泪河高度,1,802.7094861660079,310.3320158102767,802.0,309.0,1.509184130112564
Colour1/Color1_000081,Colour1,test,20.0,21.0,1.0,0.23255813953488372,0.2441860465116279,0.011627906976744186,正常泪河高度,正常泪河高度,1,690.0,432.8231939163498,692.0,431.0,2.7062956336318655
Colour2/Color2_000395,Colour2,test,24.0,26.0,2.0,0.27906976744186046,0.3023255813953488,0.023255813953488372,较高泪河高度,较高泪河高度,1,681.327067669173,323.6691729323308,680.3985714285715,322.7735714285714,1.29004159713831
Colour2/Color2_000363,Colour2,test,24.0,23.0,1.0,0.27906976744186046,0.26744186046511625,0.011627906976744186,较高泪河高度,正常泪河高度,0,660.5434782608696,327.4822134387352,661.1412631998406,327.91671647738593,0.7390126682657845
Colour1/Color1_000504,Colour1,test,33.0,28.0,5.0,0.38372093023255816,0.32558139534883723,0.05813953488372093,较高泪河高度,较高泪河高度,1,622.394422310757,209.99003984063745,621.0,210.0,1.394457882301033
Colour2/Color2_000344,Colour2,test,13.0,15.0,2.0,0.1511627906976744,0.1744186046511628,0.023255813953488372,低泪河高度,低泪河高度,1,753.172,400.036,754.0,395.0,5.103614405497341
Colour1/Color1_000245,Colour1,test,18.0,17.0,1.0,0.20930232558139536,0.19767441860465115,0.011627906976744186,正常泪河高度,低泪河高度,0,747.0134357005758,380.71976967370443,748.0,379.0,1.9826539908647394
Colour2/Color2_000004,Colour2,test,18.0,19.0,1.0,0.20930232558139536,0.22093023255813954,0.011627906976744186,正常泪河高度,正常泪河高度,1,667.1245283018868,434.70754716981133,668.5,431.5,3.4900259653582926
Colour1/Color1_000481,Colour1,test,12.0,15.0,3.0,0.13953488372093023,0.1744186046511628,0.03488372093023256,低泪河高度,低泪河高度,1,774.098814229249,337.4802371541502,774.0,336.0,1.483531693098844
Colour1/Color1_000139,Colour1,test,22.0,24.0,2.0,0.2558139534883721,0.27906976744186046,0.023255813953488372,正常泪河高度,较高泪河高度,0,670.1535353535354,362.5656565656566,670.0,362.0,0.5861232422073365
Colour2/Color2_000396,Colour2,test,12.0,12.0,0.0,0.13953488372093023,0.13953488372093023,0.0,低泪河高度,低泪河高度,1,679.727626459144,196.32879377431905,677.0,193.0,4.303581542455939
Colour1/Color1_000140,Colour1,test,20.0,19.0,1.0,0.23255813953488372,0.22093023255813954,0.011627906976744186,正常泪河高度,正常泪河高度,1,800.1051625239006,78.82600382409179,800.5,76.5,2.3592775212386816
Colour1/Color1_000380,Colour1,test,12.0,11.0,1.0,0.13953488372093023,0.12790697674418605,0.011627906976744186,低泪河高度,低泪河高度,1,640.7760314341847,421.909626719057,643.0,421.0,2.402801895653691
Colour1/Color1_000164,Colour1,test,14.0,15.0,1.0,0.16279069767441862,0.1744186046511628,0.011627906976744186,低泪河高度,低泪河高度,1,770.4802371541502,397.7351778656126,770.0,395.0,2.77701740735696
Colour2/Color2_000218,Colour2,test,27.0,25.0,2.0,0.313953488372093,0.29069767441860467,0.023255813953488372,较高泪河高度,较高泪河高度,1,692.6521739130435,195.57509881422925,693.3886397608371,194.68086696562034,1.1584612829235563
Colour1/Color1_000116,Colour1,test,17.0,18.0,1.0,0.19767441860465115,0.20930232558139536,0.011627906976744186,低泪河高度,正常泪河高度,0,666.8468992248062,392.265503875969,665.0,391.0,2.238869537664533
Colour1/Color1_000322,Colour1,test,10.0,9.0,1.0,0.11627906976744186,0.10465116279069768,0.011627906976744186,低泪河高度,低泪河高度,1,515.7760314341847,232.09037328094303,516.0,231.0,1.113137821775825
Colour2/Color2_000265,Colour2,test,17.0,17.0,0.0,0.19767441860465115,0.19767441860465115,0.0,低泪河高度,低泪河高度,1,725.734496124031,428.1531007751938,726.1344216041919,425.0346634421604,3.143977065714433
Colour2/Color2_000207,Colour2,test,28.0,28.0,0.0,0.32558139534883723,0.32558139534883723,0.0,较高泪河高度,较高泪河高度,1,657.5677290836653,226.9601593625498,657.1303520456707,226.86812559467174,0.4469551295093646
Colour2/Color2_000154,Colour2,test,54.0,57.0,3.0,0.627906976744186,0.6627906976744186,0.03488372093023256,较高泪河高度,较高泪河高度,1,665.2782101167315,294.9027237354086,663.0,293.0,2.968265309783671
Colour2/Color2_000374,Colour2,test,9.0,9.0,0.0,0.10465116279069768,0.10465116279069768,0.0,低泪河高度,低泪河高度,1,611.6178707224335,294.1749049429658,611.7382268405926,294.2323678974132,0.13337011026518078
Colour1/Color1_000102,Colour1,test,13.0,13.0,0.0,0.1511627906976744,0.1511627906976744,0.0,低泪河高度,低泪河高度,1,653.3478260869565,338.84387351778656,653.5,336.5,2.3488082014485827
Colour1/Color1_000117,Colour1,test,9.0,8.0,1.0,0.10465116279069768,0.09302325581395349,0.011627906976744186,低泪河高度,低泪河高度,1,609.2892720306513,486.32567049808426,610.5,485.5,1.4654671566329622
Colour1/Color1_000642,Colour1,test,14.0,15.0,1.0,0.16279069767441862,0.1744186046511628,0.011627906976744186,低泪河高度,低泪河高度,1,557.9940476190476,390.6765873015873,558.5,389.5,1.2807597315842931
Colour2/Color2_000585,Colour2,test,28.0,28.0,0.0,0.32558139534883723,0.32558139534883723,0.0,较高泪河高度,较高泪河高度,1,688.2312373225152,280.44421906693714,687.15392394822,280.08373786407765,1.136024121244899
Colour2/Color2_000288,Colour2,test,24.0,23.0,1.0,0.27906976744186046,0.26744186046511625,0.011627906976744186,较高泪河高度,正常泪河高度,0,745.85,303.8538461538462,746.4480142793395,298.9509147701919,4.939266871825818
Colour2/Color2_000364,Colour2,test,22.0,22.0,0.0,0.2558139534883721,0.2558139534883721,0.0,正常泪河高度,正常泪河高度,1,657.2828685258964,227.31274900398407,657.0,231.0,3.6980852492287575
Colour1/Color1_000119,Colour1,test,41.0,39.0,2.0,0.47674418604651164,0.45348837209302323,0.023255813953488372,较高泪河高度,较高泪河高度,1,613.6196911196911,378.5868725868726,609.5,380.5,4.542236389766742
Colour1/Color1_000445,Colour1,test,14.0,15.0,1.0,0.16279069767441862,0.1744186046511628,0.011627906976744186,低泪河高度,低泪河高度,1,595.6003861003861,273.7683397683398,601.0,271.0,6.067910294151934
Colour1/Color1_000607,Colour1,test,19.0,20.0,1.0,0.22093023255813954,0.23255813953488372,0.011627906976744186,正常泪河高度,正常泪河高度,1,660.3471698113208,526.1528301886792,662.0,526.0,1.6598809292178474
Colour1/Color1_000388,Colour1,test,45.0,45.0,0.0,0.5232558139534884,0.5232558139534884,0.0,较高泪河高度,较高泪河高度,1,681.8398510242085,449.5139664804469,684.5,447.5,3.3365331644939658
Colour1/Color1_000317,Colour1,test,15.0,15.0,0.0,0.1744186046511628,0.1744186046511628,0.0,低泪河高度,低泪河高度,1,732.0193798449612,463.6860465116279,734.0,463.0,2.0960715671614407
Colour2/Color2_000174,Colour2,test,22.0,22.0,0.0,0.2558139534883721,0.2558139534883721,0.0,正常泪河高度,正常泪河高度,1,695.8803088803089,282.62355212355214,696.0,283.0,0.3950176803827963
Colour2/Color2_000533,Colour2,test,46.0,47.0,1.0,0.5348837209302325,0.5465116279069767,0.011627906976744186,较高泪河高度,较高泪河高度,1,615.4800796812749,296.61354581673305,612.6340830449827,296.36440311418687,2.856880981073304
Colour2/Color2_000316,Colour2,test,28.0,28.0,0.0,0.32558139534883723,0.32558139534883723,0.0,较高泪河高度,较高泪河高度,1,749.2811320754716,274.6528301886792,743.1098265895954,275.68074699866605,6.256326747242327
Colour2/Color2_000647,Colour2,test,13.0,12.0,1.0,0.1511627906976744,0.13953488372093023,0.011627906976744186,低泪河高度,低泪河高度,1,620.454,290.91,619.2137958854377,291.05909640984265,1.2491340941649105
Colour1/Color1_000584,Colour1,test,11.0,12.0,1.0,0.12790697674418605,0.13953488372093023,0.011627906976744186,低泪河高度,低泪河高度,1,862.3567134268537,297.54108216432866,859.5,297.5,2.857008811220629
Colour2/Color2_000109,Colour2,test,19.0,22.0,3.0,0.22093023255813954,0.2558139534883721,0.03488372093023256,正常泪河高度,正常泪河高度,1,562.7140077821011,232.50972762645915,562.5,231.5,1.032157551168755
Colour1/Color1_000543,Colour1,test,18.0,19.0,1.0,0.20930232558139536,0.22093023255813954,0.011627906976744186,正常泪河高度,正常泪河高度,1,759.0,498.86546184738955,759.0,497.0,1.865461847389554
Colour1/Color1_000799,Colour1,test,30.0,30.0,0.0,0.3488372093023256,0.3488372093023256,0.0,较高泪河高度,较高泪河高度,1,536.9307535641548,426.72708757637474,536.5,423.5,3.2557092712071585
Colour1/Color1_000004,Colour1,test,11.0,10.0,1.0,0.12790697674418605,0.11627906976744186,0.011627906976744186,低泪河高度,低泪河高度,1,726.6533066132265,137.1002004008016,727.0,136.0,1.153532499046517
Colour1/Color1_000776,Colour1,test,23.0,23.0,0.0,0.26744186046511625,0.26744186046511625,0.0,正常泪河高度,正常泪河高度,1,643.4127579737336,285.1181988742964,644.5,281.5,3.7780230700248034
Colour1/Color1_000337,Colour1,test,23.0,28.0,5.0,0.26744186046511625,0.32558139534883723,0.05813953488372093,正常泪河高度,较高泪河高度,0,590.721881390593,149.44376278118608,591.0,149.0,0.5237130577563273
Colour2/Color2_000619,Colour2,test,19.0,20.0,1.0,0.22093023255813954,0.23255813953488372,0.011627906976744186,正常泪河高度,正常泪河高度,1,724.2094861660079,427.4683794466403,724.4725708972571,430.2033937703394,2.747638427205385
Colour2/Color2_000754,Colour2,test,10.0,11.0,1.0,0.11627906976744186,0.12790697674418605,0.011627906976744186,低泪河高度,低泪河高度,1,678.7355212355212,357.19305019305017,682.7474506400521,355.65458884790627,4.296794253561756
Colour1/Color1_000437,Colour1,test,35.0,34.0,1.0,0.4069767441860465,0.3953488372093023,0.011627906976744186,较高泪河高度,较高泪河高度,1,592.873046875,135.271484375,593.5,135.5,0.6673002411331845
Colour2/Color2_000163,Colour2,test,15.0,15.0,0.0,0.1744186046511628,0.1744186046511628,0.0,低泪河高度,低泪河高度,1,684.6884615384615,34.30769230769231,684.0,39.0,4.7425447566924195
Colour2/Color2_000609,Colour2,test,27.0,29.0,2.0,0.313953488372093,0.3372093023255814,0.023255813953488372,较高泪河高度,较高泪河高度,1,488.841796875,264.548828125,490.484744207387,262.60587290662994,2.5444745857620568
Colour2/Color2_000010,Colour2,test,33.0,34.0,1.0,0.38372093023255816,0.3953488372093023,0.011627906976744186,较高泪河高度,较高泪河高度,1,643.8901960784314,330.55882352941177,644.1459608927513,329.9194153663836,0.6886642427127944
Colour1/Color1_000340,Colour1,test,21.0,21.0,0.0,0.2441860465116279,0.2441860465116279,0.0,正常泪河高度,正常泪河高度,1,721.7760314341847,212.90962671905697,720.5,214.5,2.0390054913523206
Colour1/Color1_000484,Colour1,test,33.0,32.0,1.0,0.38372093023255816,0.37209302325581395,0.011627906976744186,较高泪河高度,较高泪河高度,1,600.683366733467,346.4328657314629,599.5,342.5,4.107041476244394
Colour2/Color2_000852,Colour2,test,43.0,43.0,0.0,0.5,0.5,0.0,较高泪河高度,较高泪河高度,1,536.1031746031746,290.531746031746,535.4069037656903,287.8255230125523,2.794357906343592
Colour1/Color1_000030,Colour1,test,12.0,12.0,0.0,0.13953488372093023,0.13953488372093023,0.0,低泪河高度,低泪河高度,1,767.3307692307692,394.7230769230769,777.0,394.0,9.696229365342292
Colour2/Color2_000285,Colour2,test,17.0,17.0,0.0,0.19767441860465115,0.19767441860465115,0.0,低泪河高度,低泪河高度,1,676.742125984252,301.68700787401576,677.0,301.0,0.7338111657352133
Colour2/Color2_000513,Colour2,test,25.0,21.0,4.0,0.29069767441860467,0.2441860465116279,0.046511627906976744,较高泪河高度,正常泪河高度,0,686.6860465116279,239.2984496124031,686.9428841161199,236.94453622846353,2.3678838177095973
Colour1/Color1_000103,Colour1,test,14.0,15.0,1.0,0.16279069767441862,0.1744186046511628,0.011627906976744186,低泪河高度,低泪河高度,1,603.1796407185628,361.6047904191617,604.0,359.0,2.7309197129166383
Colour1/Color1_000200,Colour1,test,39.0,41.0,2.0,0.45348837209302323,0.47674418604651164,0.023255813953488372,较高泪河高度,较高泪河高度,1,729.945205479452,446.32681017612526,731.0,444.0,2.5547283762267265
Colour2/Color2_000305,Colour2,test,12.0,12.0,0.0,0.13953488372093023,0.13953488372093023,0.0,低泪河高度,低泪河高度,1,570.8439425051334,410.0,571.5094696969697,408.00852272727275,2.099740024589399
Colour2/Color2_000085,Colour2,test,26.0,24.0,2.0,0.3023255813953488,0.27906976744186046,0.023255813953488372,较高泪河高度,较高泪河高度,1,578.1338582677165,362.5826771653543,579.2075804319084,361.84773027765533,1.3011634077298857
Colour1/Color1_000154,Colour1,test,7.0,7.0,0.0,0.08139534883720931,0.08139534883720931,0.0,低泪河高度,低泪河高度,1,715.7471482889733,441.1749049429658,716.5,436.5,4.735136948870822
Colour1/Color1_000511,Colour1,test,19.0,17.0,2.0,0.22093023255813954,0.19767441860465115,0.023255813953488372,正常泪河高度,低泪河高度,0,742.451171875,123.841796875,742.5,122.5,1.3426850112929618
Colour2/Color2_000125,Colour2,test,12.0,15.0,3.0,0.13953488372093023,0.1744186046511628,0.03488372093023256,低泪河高度,低泪河高度,1,768.9786821705426,393.8662790697674,765.5,393.5,3.4979122345479947
Colour2/Color2_000611,Colour2,test,12.0,13.0,1.0,0.13953488372093023,0.1511627906976744,0.011627906976744186,低泪河高度,低泪河高度,1,695.0625,202.9140625,695.6205882352941,205.94509803921568,3.0819861969778826
Colour1/Color1_000375,Colour1,test,28.0,28.0,0.0,0.32558139534883723,0.32558139534883723,0.0,较高泪河高度,较高泪河高度,1,775.2200772200772,379.13706563706563,777.5,375.5,4.292585972433695
Colour2/Color2_000716,Colour2,test,20.0,22.0,2.0,0.23255813953488372,0.2558139534883721,0.023255813953488372,正常泪河高度,正常泪河高度,1,632.0610236220473,248.4744094488189,631.5,247.5,1.1243759506689106
Colour1/Color1_000287,Colour1,test,16.0,17.0,1.0,0.18604651162790697,0.19767441860465115,0.011627906976744186,低泪河高度,低泪河高度,1,651.0,390.0,650.5,387.5,2.5495097567963922
Colour2/Color2_000096,Colour2,test,35.0,40.0,5.0,0.4069767441860465,0.46511627906976744,0.05813953488372093,较高泪河高度,较高泪河高度,1,733.2782101167315,137.09727626459144,730.5,132.5,5.3715361402196065
Colour2/Color2_000811,Colour2,test,55.0,53.0,2.0,0.6395348837209303,0.6162790697674418,0.023255813953488372,较高泪河高度,较高泪河高度,1,680.7248062015503,292.6744186046512,678.7925011644155,291.33861201676757,2.349081096252292
Colour2/Color2_000599,Colour2,test,29.0,28.0,1.0,0.3372093023255814,0.32558139534883723,0.011627906976744186,较高泪河高度,较高泪河高度,1,763.7085714285714,321.0552380952381,764.0127904497975,320.9855041568962,0.31210901145665837
Colour1/Color1_000392,Colour1,test,52.0,54.0,2.0,0.6046511627906976,0.627906976744186,0.023255813953488372,较高泪河高度,较高泪河高度,1,533.0,468.8178217821782,533.0,462.0,6.817821782178214
Colour1/Color1_000509,Colour1,test,19.0,19.0,0.0,0.22093023255813954,0.22093023255813954,0.0,正常泪河高度,正常泪河高度,1,655.8683206106871,349.1889312977099,654.0,343.0,6.464788667241307
Colour1/Color1_000223,Colour1,test,13.0,13.0,0.0,0.1511627906976744,0.1511627906976744,0.0,低泪河高度,低泪河高度,1,725.4665314401623,458.67139959432046,726.5,453.5,5.273654428222512
Colour1/Color1_000694,Colour1,test,18.0,17.0,1.0,0.20930232558139536,0.19767441860465115,0.011627906976744186,正常泪河高度,低泪河高度,0,685.8329938900204,345.89816700611,685.0,340.0,5.956698150215074
Colour2/Color2_000002,Colour2,test,29.0,25.0,4.0,0.3372093023255814,0.29069767441860467,0.046511627906976744,较高泪河高度,较高泪河高度,1,635.2936507936508,369.968253968254,634.0,365.0,5.133914672935734
Colour1/Color1_000124,Colour1,test,17.0,17.0,0.0,0.19767441860465115,0.19767441860465115,0.0,低泪河高度,低泪河高度,1,629.3968253968254,345.9047619047619,627.5,348.5,3.214530658901367
Colour1/Color1_000201,Colour1,test,9.0,8.0,1.0,0.10465116279069768,0.09302325581395349,0.011627906976744186,低泪河高度,低泪河高度,1,719.4749498997996,424.563126252505,720.5,422.5,2.303739924925588
Colour2/Color2_000501,Colour2,test,24.0,26.0,2.0,0.27906976744186046,0.3023255813953488,0.023255813953488372,较高泪河高度,较高泪河高度,1,671.2980392156862,315.94313725490196,671.3435263500326,315.5032530904359,0.44222975650562485
Colour2/Color2_000516,Colour2,test,31.0,27.0,4.0,0.36046511627906974,0.313953488372093,0.046511627906976744,较高泪河高度,较高泪河高度,1,773.7081712062256,322.784046692607,772.7831189347777,317.83728278041076,5.032513776227328
Colour2/Color2_000557,Colour2,test,38.0,39.0,1.0,0.4418604651162791,0.45348837209302323,0.011627906976744186,较高泪河高度,较高泪河高度,1,670.2828685258964,315.68725099601596,670.7902426944032,313.9678058444775,1.7927409673505885
Colour1/Color1_000110,Colour1,test,24.0,23.0,1.0,0.27906976744186046,0.26744186046511625,0.011627906976744186,较高泪河高度,正常泪河高度,0,716.531746031746,505.9047619047619,717.5,506.5,1.1365844170417878
Colour2/Color2_000134,Colour2,test,10.0,11.0,1.0,0.11627906976744186,0.12790697674418605,0.011627906976744186,低泪河高度,低泪河高度,1,655.909626719057,230.2239685658153,656.0,228.0,2.2258040146524634
Colour2/Color2_000019,Colour2,test,28.0,28.0,0.0,0.32558139534883723,0.32558139534883723,0.0,较高泪河高度,较高泪河高度,1,679.5268199233717,281.2183908045977,680.020916524054,278.62464346833997,2.640389496863999
Colour2/Color2_000045,Colour2,test,53.0,49.0,4.0,0.6162790697674418,0.5697674418604651,0.046511627906976744,较高泪河高度,较高泪河高度,1,618.4826923076923,225.5903846153846,617.487071977638,225.17190775681343,1.07999200125604
Colour1/Color1_000725,Colour1,test,24.0,26.0,2.0,0.27906976744186046,0.3023255813953488,0.023255813953488372,较高泪河高度,较高泪河高度,1,640.3641732283464,464.5334645669291,641.5,460.5,4.190338753356074
Colour2/Color2_000060,Colour2,test,13.0,12.0,1.0,0.1511627906976744,0.13953488372093023,0.011627906976744186,低泪河高度,低泪河高度,1,628.466796875,267.470703125,634.0,264.0,6.531624377166413
Colour2/Color2_000527,Colour2,test,46.0,45.0,1.0,0.5348837209302325,0.5232558139534884,0.011627906976744186,较高泪河高度,较高泪河高度,1,593.9864864864865,281.0,593.5228628230616,285.1813563066048,4.206980801485946
Colour2/Color2_000819,Colour2,test,12.0,13.0,1.0,0.13953488372093023,0.1511627906976744,0.011627906976744186,低泪河高度,低泪河高度,1,736.992125984252,386.34645669291336,737.4244418331375,383.386133960047,2.991723195070522
Colour1/Color1_000193,Colour1,test,16.0,15.0,1.0,0.18604651162790697,0.1744186046511628,0.011627906976744186,低泪河高度,低泪河高度,1,672.4555984555984,476.9594594594595,674.5,473.5,4.018387416165252
Colour1/Color1_000389,Colour1,test,32.0,30.0,2.0,0.37209302325581395,0.3488372093023256,0.023255813953488372,较高泪河高度,较高泪河高度,1,636.5983772819473,389.3387423935091,638.0,387.0,2.7265843517042136
Colour2/Color2_000011,Colour2,test,32.0,30.0,2.0,0.37209302325581395,0.3488372093023256,0.023255813953488372,较高泪河高度,较高泪河高度,1,627.5197628458498,295.098814229249,628.0968200390834,292.8903890566708,2.2825723969109153
Colour2/Color2_000603,Colour2,test,20.0,19.0,1.0,0.23255813953488372,0.22093023255813954,0.011627906976744186,正常泪河高度,正常泪河高度,1,646.1274509803922,376.62745098039215,647.6938932768253,372.8185320747447,4.118446879328802
Colour1/Color1_000497,Colour1,test,26.0,28.0,2.0,0.3023255813953488,0.32558139534883723,0.023255813953488372,较高泪河高度,较高泪河高度,1,624.090373280943,296.2239685658153,624.5,296.5,0.49395080891060017
Colour2/Color2_000146,Colour2,test,9.0,11.0,2.0,0.10465116279069768,0.12790697674418605,0.023255813953488372,低泪河高度,低泪河高度,1,670.8206627680312,246.82066276803118,668.5,243.5,4.051206845115994
Colour2/Color2_000358,Colour2,test,26.0,13.0,13.0,0.3023255813953488,0.1511627906976744,0.1511627906976744,较高泪河高度,低泪河高度,0,673.5255905511812,140.93897637795277,672.0,140.0,1.7913969878858562
Colour2/Color2_000347,Colour2,test,19.0,23.0,4.0,0.22093023255813954,0.26744186046511625,0.046511627906976744,正常泪河高度,正常泪河高度,1,720.0674603174604,350.16269841269843,720.5,348.5,1.7180385876229267
Colour1/Color1_000270,Colour1,test,20.0,22.0,2.0,0.23255813953488372,0.2558139534883721,0.023255813953488372,正常泪河高度,正常泪河高度,1,624.8178294573644,348.6860465116279,625.0,345.0,3.6905453516368723
Colour2/Color2_000645,Colour2,test,19.0,19.0,0.0,0.22093023255813954,0.22093023255813954,0.0,正常泪河高度,正常泪河高度,1,641.3852140077821,398.2626459143969,641.4216374269006,396.00779727095517,2.255142804855449
Colour1/Color1_000438,Colour1,test,16.0,18.0,2.0,0.18604651162790697,0.20930232558139536,0.023255813953488372,低泪河高度,正常泪河高度,0,746.7217898832685,325.0972762645914,747.5,323.5,1.776767416183228
Colour2/Color2_000172,Colour2,test,40.0,49.0,9.0,0.46511627906976744,0.5697674418604651,0.10465116279069768,较高泪河高度,较高泪河高度,1,375.4895238095238,252.62857142857143,370.5,252.5,4.99118006668261
Colour2/Color2_000548,Colour2,test,27.0,27.0,0.0,0.313953488372093,0.313953488372093,0.0,较高泪河高度,较高泪河高度,1,649.5592885375494,276.197628458498,647.9720457433291,274.01058873358744,2.7023105754411527
Colour1/Color1_000570,Colour1,test,15.0,15.0,0.0,0.1744186046511628,0.1744186046511628,0.0,低泪河高度,低泪河高度,1,724.4112903225806,333.16129032258067,725.0,329.0,4.2027272375316915
Colour1/Color1_000487,Colour1,test,13.0,13.0,0.0,0.1511627906976744,0.1511627906976744,0.0,低泪河高度,低泪河高度,1,843.4807302231237,228.841784989858,842.5,228.5,1.0385801605271174
Colour2/Color2_000230,Colour2,test,30.0,42.0,12.0,0.3488372093023256,0.4883720930232558,0.13953488372093023,较高泪河高度,较高泪河高度,1,754.9019607843137,480.02941176470586,755.6126209120221,478.43758636573006,1.74325727244688
Colour2/Color2_000621,Colour2,test,18.0,19.0,1.0,0.20930232558139536,0.22093023255813954,0.011627906976744186,正常泪河高度,正常泪河高度,1,541.1768060836501,311.0,540.8293937932143,308.81813796430293,2.20934769612255
Colour1/Color1_000676,Colour1,test,18.0,22.0,4.0,0.20930232558139536,0.2558139534883721,0.046511627906976744,正常泪河高度,正常泪河高度,1,646.2528957528957,459.55598455598454,648.0,457.0,3.096034609089717
Colour1/Color1_000064,Colour1,test,20.0,21.0,1.0,0.23255813953488372,0.2441860465116279,0.011627906976744186,正常泪河高度,正常泪河高度,1,741.4783464566929,475.7736220472441,743.5,477.5,2.6584702151666093
Colour1/Color1_000138,Colour1,test,27.0,28.0,1.0,0.313953488372093,0.32558139534883723,0.011627906976744186,较高泪河高度,较高泪河高度,1,790.265503875969,396.1531007751938,790.5,393.5,2.6634436647918083
Colour1/Color1_000468,Colour1,test,17.0,17.0,0.0,0.19767441860465115,0.19767441860465115,0.0,低泪河高度,低泪河高度,1,696.1601489757915,477.4860335195531,701.0,472.0,7.315785789250009
Colour1/Color1_000120,Colour1,test,16.0,20.0,4.0,0.18604651162790697,0.23255813953488372,0.046511627906976744,低泪河高度,正常泪河高度,0,615.4090909090909,437.6837944664032,615.0,441.0,3.341343219868162
Colour2/Color2_000470,Colour2,test,13.0,13.0,0.0,0.1511627906976744,0.1511627906976744,0.0,低泪河高度,低泪河高度,1,836.2395437262358,430.43536121673003,837.070418980313,433.5032811711257,3.1784408967946955
Colour1/Color1_000145,Colour1,test,28.0,28.0,0.0,0.32558139534883723,0.32558139534883723,0.0,较高泪河高度,较高泪河高度,1,742.7086614173228,387.00787401574803,743.5,385.5,1.7029095101624363
Colour1/Color1_000014,Colour1,test,37.0,34.0,3.0,0.43023255813953487,0.3953488372093023,0.03488372093023256,较高泪河高度,较高泪河高度,1,662.1992481203008,347.3308270676692,662.0,343.0,4.33540804348328
Colour2/Color2_000839,Colour2,test,29.0,29.0,0.0,0.3372093023255814,0.3372093023255814,0.0,较高泪河高度,较高泪河高度,1,621.339393939394,341.4848484848485,620.8437564928319,341.36463744026594,0.5100070329654707
Colour2/Color2_000383,Colour2,test,26.0,26.0,0.0,0.3023255813953488,0.3023255813953488,0.0,较高泪河高度,较高泪河高度,1,655.922920892495,281.6774847870183,657.5,281.5,1.5870347699252774
Colour1/Color1_000471,Colour1,test,13.0,15.0,2.0,0.1511627906976744,0.1744186046511628,0.023255813953488372,低泪河高度,低泪河高度,1,677.0984848484849,383.1439393939394,677.0,377.0,6.144728679264955
Colour2/Color2_000312,Colour2,test,43.0,49.0,6.0,0.5,0.5697674418604651,0.06976744186046512,较高泪河高度,较高泪河高度,1,674.4850299401197,182.48502994011977,672.5,180.5,2.8072562630339957
Colour2/Color2_000382,Colour2,test,18.0,21.0,3.0,0.20930232558139536,0.2441860465116279,0.03488372093023256,正常泪河高度,正常泪河高度,1,658.0,381.6939163498099,657.5,378.5,3.2328163649646204
Colour1/Color1_000043,Colour1,test,18.0,17.0,1.0,0.20930232558139536,0.19767441860465115,0.011627906976744186,正常泪河高度,低泪河高度,0,657.7816091954023,462.3429118773946,658.5,458.5,3.9094829639673687
Colour1/Color1_000692,Colour1,test,34.0,37.0,3.0,0.3953488372093023,0.43023255813953487,0.03488372093023256,较高泪河高度,较高泪河高度,1,658.090373280943,360.2239685658153,660.0,358.0,2.9313325276861573
Colour1/Color1_000131,Colour1,test,20.0,21.0,1.0,0.23255813953488372,0.2441860465116279,0.011627906976744186,正常泪河高度,正常泪河高度,1,564.7194656488549,443.2729007633588,564.0,440.0,3.3510461391447257
Colour1/Color1_000460,Colour1,test,32.0,32.0,0.0,0.37209302325581395,0.37209302325581395,0.0,较高泪河高度,较高泪河高度,1,670.4850299401197,72.51497005988024,671.0,70.0,2.5671518390362356
Colour1/Color1_000507,Colour1,test,13.0,15.0,2.0,0.1511627906976744,0.1744186046511628,0.023255813953488372,低泪河高度,低泪河高度,1,683.1896551724138,416.176245210728,683.5,417.5,1.3596472535661905
Colour1/Color1_000247,Colour1,test,7.0,6.0,1.0,0.08139534883720931,0.06976744186046512,0.011627906976744186,低泪河高度,低泪河高度,1,577.3877952755905,429.0255905511811,578.0,431.0,2.067144720665356
Colour2/Color2_000102,Colour2,test,12.0,12.0,0.0,0.13953488372093023,0.13953488372093023,0.0,低泪河高度,低泪河高度,1,633.5952380952381,300.734126984127,633.0,300.0,0.9451194733186046
Colour2/Color2_000237,Colour2,test,57.0,57.0,0.0,0.6627906976744186,0.6627906976744186,0.0,较高泪河高度,较高泪河高度,1,690.7967806841046,343.5633802816901,692.5026590867412,338.394278378874,5.443311088508466
Colour2/Color2_000075,Colour2,test,42.0,40.0,2.0,0.4883720930232558,0.46511627906976744,0.023255813953488372,较高泪河高度,较高泪河高度,1,628.3525896414343,325.26693227091636,629.5,323.5,2.1067985620247414
Colour1/Color1_000764,Colour1,test,10.0,10.0,0.0,0.11627906976744186,0.11627906976744186,0.0,低泪河高度,低泪河高度,1,713.2126436781609,426.088122605364,713.5,425.5,0.6545699768863594
Colour2/Color2_000843,Colour2,test,25.0,22.0,3.0,0.29069767441860467,0.2558139534883721,0.03488372093023256,较高泪河高度,正常泪河高度,0,604.2729124236253,308.9144602851324,603.7049563922569,308.32099553286537,0.8214465690177616
Colour2/Color2_000553,Colour2,test,31.0,29.0,2.0,0.36046511627906974,0.3372093023255814,0.023255813953488372,较高泪河高度,较高泪河高度,1,603.0583657587549,283.8463035019455,603.6296457291893,283.6287763529667,0.6112927818667047
Colour2/Color2_000729,Colour2,test,37.0,35.0,2.0,0.43023255813953487,0.4069767441860465,0.023255813953488372,较高泪河高度,较高泪河高度,1,600.7385496183206,285.5019083969466,601.1022798577703,280.97469148713657,4.541804997526862
Colour1/Color1_000638,Colour1,test,46.0,30.0,16.0,0.5348837209302325,0.3488372093023256,0.18604651162790697,较高泪河高度,较高泪河高度,1,553.3717693836978,407.8011928429423,554.0,404.0,3.8527575496643163
Colour2/Color2_000638,Colour2,test,17.0,22.0,5.0,0.19767441860465115,0.2558139534883721,0.05813953488372093,低泪河高度,正常泪河高度,0,730.050193050193,388.2760617760618,730.4593702386999,387.3230066023362,1.0371789314093913
Colour1/Color1_000411,Colour1,test,16.0,17.0,1.0,0.18604651162790697,0.19767441860465115,0.011627906976744186,低泪河高度,低泪河高度,1,690.1796407185628,441.3952095808383,690.0,438.0,3.3999586593930733
Colour2/Color2_000590,Colour2,test,24.0,25.0,1.0,0.27906976744186046,0.29069767441860467,0.011627906976744186,较高泪河高度,较高泪河高度,1,594.7328244274809,145.35496183206106,595.7913043478261,143.267947421638,2.3400873682594705
Colour2/Color2_000675,Colour2,test,12.0,12.0,0.0,0.13953488372093023,0.13953488372093023,0.0,低泪河高度,低泪河高度,1,709.2403258655804,502.3951120162933,710.6520781723094,503.7715386732728,1.9716984854684105
Colour1/Color1_000433,Colour1,test,16.0,17.0,1.0,0.18604651162790697,0.19767441860465115,0.011627906976744186,低泪河高度,低泪河高度,1,726.0,413.6939163498099,728.5,409.5,4.882513118180317
Colour2/Color2_000044,Colour2,test,30.0,13.0,17.0,0.3488372093023256,0.1511627906976744,0.19767441860465115,较高泪河高度,低泪河高度,0,708.1535353535354,374.4343434343434,707.8019842073294,372.85219680097185,1.6207332223064175
Colour2/Color2_000420,Colour2,test,12.0,17.0,5.0,0.13953488372093023,0.19767441860465115,0.05813953488372093,低泪河高度,低泪河高度,1,723.1497005988024,423.3493013972056,722.0,425.0,2.0116205765884407
Colour2/Color2_000258,Colour2,test,19.0,19.0,0.0,0.22093023255813954,0.22093023255813954,0.0,正常泪河高度,正常泪河高度,1,529.529296875,208.533203125,528.7352422907489,207.97973568281938,0.9679095475942348
Colour2/Color2_000740,Colour2,test,25.0,24.0,1.0,0.29069767441860467,0.27906976744186046,0.011627906976744186,较高泪河高度,较高泪河高度,1,609.3592233009708,252.04271844660195,609.6244943820225,248.3970786516854,3.6552781372587066
Colour1/Color1_000338,Colour1,test,16.0,15.0,1.0,0.18604651162790697,0.1744186046511628,0.011627906976744186,低泪河高度,低泪河高度,1,660.9011627906976,191.2422480620155,661.5,189.5,1.842290507178991
Colour2/Color2_000303,Colour2,test,33.0,36.0,3.0,0.38372093023255816,0.4186046511627907,0.03488372093023256,较高泪河高度,较高泪河高度,1,859.734496124031,364.1531007751938,860.0,360.0,4.1615788298517264
Colour2/Color2_000151,Colour2,test,20.0,19.0,1.0,0.23255813953488372,0.22093023255813954,0.011627906976744186,正常泪河高度,正常泪河高度,1,605.0763052208836,235.45983935742973,605.0,235.0,0.46612736604438526
Colour2/Color2_000529,Colour2,test,19.0,19.0,0.0,0.22093023255813954,0.22093023255813954,0.0,正常泪河高度,正常泪河高度,1,740.7414448669201,238.43536121673003,742.7513013302487,237.15153267784848,2.384898052418662
Colour1/Color1_000262,Colour1,test,16.0,15.0,1.0,0.18604651162790697,0.1744186046511628,0.011627906976744186,低泪河高度,低泪河高度,1,538.7603773584906,417.55471698113206,538.5,416.5,1.0863812770399082
Colour1/Color1_000257,Colour1,test,15.0,17.0,2.0,0.1744186046511628,0.19767441860465115,0.023255813953488372,低泪河高度,低泪河高度,1,699.3824701195219,424.3446215139442,701.5,422.5,2.8083022138693132
Colour2/Color2_000268,Colour2,test,24.0,25.0,1.0,0.27906976744186046,0.29069767441860467,0.011627906976744186,较高泪河高度,较高泪河高度,1,565.728515625,283.873046875,569.574299634592,284.29598051157126,3.86896982533809
Colour1/Color1_000141,Colour1,test,22.0,34.0,12.0,0.2558139534883721,0.3953488372093023,0.13953488372093023,正常泪河高度,较高泪河高度,0,696.5272373540856,38.04280155642024,697.0,43.0,4.979690846669257
Colour2/Color2_000173,Colour2,test,17.0,17.0,0.0,0.19767441860465115,0.19767441860465115,0.0,低泪河高度,低泪河高度,1,618.0521042084168,390.57915831663325,618.0,386.0,4.5794547423603005
Colour1/Color1_000175,Colour1,test,21.0,19.0,2.0,0.2441860465116279,0.22093023255813954,0.023255813953488372,正常泪河高度,正常泪河高度,1,626.8208661417323,405.6437007874016,628.0,404.0,2.0228961748488197
Colour2/Color2_000808,Colour2,test,43.0,43.0,0.0,0.5,0.5,0.0,较高泪河高度,较高泪河高度,1,750.115234375,297.466796875,748.0,301.0,4.11797775415208
Colour2/Color2_000750,Colour2,test,35.0,34.0,1.0,0.4069767441860465,0.3953488372093023,0.011627906976744186,较高泪河高度,较高泪河高度,1,781.4368029739777,355.457249070632,783.0039823936281,354.87570739886814,1.6715986508051754
Colour1/Color1_000493,Colour1,test,27.0,26.0,1.0,0.313953488372093,0.3023255813953488,0.011627906976744186,较高泪河高度,较高泪河高度,1,561.8380414312618,508.6666666666667,562.5,502.5,6.202093753282351
Colour1/Color1_000118,Colour1,test,14.0,13.0,1.0,0.16279069767441862,0.1511627906976744,0.011627906976744186,低泪河高度,低泪河高度,1,622.0,391.8178217821782,622.5,390.5,1.4094872293083625
Colour1/Color1_000490,Colour1,test,19.0,19.0,0.0,0.22093023255813954,0.22093023255813954,0.0,正常泪河高度,正常泪河高度,1,653.9213250517598,196.9296066252588,654.5,196.5,0.7207125281185462
Colour1/Color1_000629,Colour1,test,21.0,21.0,0.0,0.2441860465116279,0.2441860465116279,0.0,正常泪河高度,正常泪河高度,1,617.7832699619772,415.40874524714826,618.0,412.0,3.4156282100570037
Colour1/Color1_000743,Colour1,test,24.0,22.0,2.0,0.27906976744186046,0.2558139534883721,0.023255813953488372,较高泪河高度,正常泪河高度,0,885.3429118773946,180.911877394636,882.0,178.0,4.433293333563454
Colour1/Color1_000229,Colour1,test,12.0,13.0,1.0,0.13953488372093023,0.1511627906976744,0.011627906976744186,低泪河高度,低泪河高度,1,719.361328125,481.583984375,719.0,477.0,4.59820299292671
Colour1/Color1_000039,Colour1,test,25.0,24.0,1.0,0.29069767441860467,0.27906976744186046,0.011627906976744186,较高泪河高度,较高泪河高度,1,767.7476099426386,510.527724665392,768.5,506.5,4.097396341412828
Colour2/Color2_000178,Colour2,test,18.0,18.0,0.0,0.20930232558139536,0.20930232558139536,0.0,正常泪河高度,正常泪河高度,1,756.0,385.3060836501901,756.0,387.0,1.6939163498099106
Colour1/Color1_000663,Colour1,test,20.0,19.0,1.0,0.23255813953488372,0.22093023255813954,0.011627906976744186,正常泪河高度,正常泪河高度,1,642.8716475095786,398.82758620689657,642.5,393.5,5.34053336880227
Colour2/Color2_000404,Colour2,test,34.0,32.0,2.0,0.3953488372093023,0.37209302325581395,0.023255813953488372,较高泪河高度,较高泪河高度,1,658.796875,209.8515625,658.4068095838587,205.79319041614124,4.077074318664493
Colour1/Color1_000001,Colour1,test,17.0,17.0,0.0,0.19767441860465115,0.19767441860465115,0.0,低泪河高度,低泪河高度,1,717.7107279693487,453.67432950191574,719.5,450.5,3.6438801004428916
Colour2/Color2_000264,Colour2,test,11.0,13.0,2.0,0.12790697674418605,0.1511627906976744,0.023255813953488372,低泪河高度,低泪河高度,1,554.1749049429658,227.50380228136882,554.1703489572579,221.4123477183564,6.091456266792923
Colour2/Color2_000282,Colour2,test,13.0,13.0,0.0,0.1511627906976744,0.1511627906976744,0.0,低泪河高度,低泪河高度,1,566.4241245136187,367.9863813229572,564.0,366.0,3.134021445000073
Colour1/Color1_000330,Colour1,test,16.0,17.0,1.0,0.18604651162790697,0.19767441860465115,0.011627906976744186,低泪河高度,低泪河高度,1,562.9786821705426,263.8662790697674,565.5,259.5,5.041967523916518
Colour1/Color1_000765,Colour1,test,14.0,13.0,1.0,0.16279069767441862,0.1511627906976744,0.011627906976744186,低泪河高度,低泪河高度,1,709.5250501002004,502.436873747495,710.0,504.0,1.6336894100746502
Colour2/Color2_000720,Colour2,test,21.0,22.0,1.0,0.2441860465116279,0.2558139534883721,0.011627906976744186,正常泪河高度,正常泪河高度,1,626.3803088803089,375.2857142857143,626.5624421831637,374.16170212765957,1.1386728553292274
Colour2/Color2_000845,Colour2,test,17.0,19.0,2.0,0.19767441860465115,0.22093023255813954,0.023255813953488372,低泪河高度,正常泪河高度,0,674.8250950570342,368.38212927756655,676.5214144520097,366.12014056665936,2.8273826090647125
Colour2/Color2_000775,Colour2,test,27.0,27.0,0.0,0.313953488372093,0.313953488372093,0.0,较高泪河高度,较高泪河高度,1,614.6555772994129,349.2133072407045,614.9138521781693,352.928046989721,3.7237074691655923
Colour2/Color2_000862,Colour2,test,36.0,37.0,1.0,0.4186046511627907,0.43023255813953487,0.011627906976744186,较高泪河高度,较高泪河高度,1,658.4169884169884,370.68918918918916,658.9583134826107,367.9340161981896,2.8078481150169767
Colour2/Color2_000486,Colour2,test,29.0,30.0,1.0,0.3372093023255814,0.3488372093023256,0.011627906976744186,较高泪河高度,较高泪河高度,1,692.4114052953157,168.71079429735235,692.5068947906027,165.6085291113381,3.103734448703077
Colour1/Color1_000611,Colour1,test,11.0,10.0,1.0,0.12790697674418605,0.11627906976744186,0.011627906976744186,低泪河高度,低泪河高度,1,652.0521042084168,522.5791583166333,652.5,524.5,1.9723699989294312
Colour2/Color2_000458,Colour2,test,21.0,22.0,1.0,0.2441860465116279,0.2558139534883721,0.011627906976744186,正常泪河高度,正常泪河高度,1,550.2239685658153,261.909626719057,550.2302968270214,264.33828045035824,2.4286619759557855
Colour1/Color1_000217,Colour1,test,14.0,15.0,1.0,0.16279069767441862,0.1744186046511628,0.011627906976744186,低泪河高度,低泪河高度,1,830.6315789473684,547.7556390977444,833.5,546.5,3.1312088526580757
Colour2/Color2_000217,Colour2,test,55.0,51.0,4.0,0.6395348837209303,0.5930232558139535,0.046511627906976744,较高泪河高度,较高泪河高度,1,688.0,343.45148514851485,688.6960074713985,338.10973616623863,5.386901576035292
Colour1/Color1_000365,Colour1,test,31.0,30.0,1.0,0.36046511627906974,0.3488372093023256,0.011627906976744186,较高泪河高度,较高泪河高度,1,707.1531007751938,443.4089147286822,708.0,441.0,2.5534503063579095
Colour2/Color2_000203,Colour2,test,20.0,19.0,1.0,0.23255813953488372,0.22093023255813954,0.011627906976744186,正常泪河高度,正常泪河高度,1,666.7157057654075,290.68986083499004,664.3893157702158,288.5356750823271,3.170584593841329
Colour1/Color1_000539,Colour1,test,20.0,21.0,1.0,0.23255813953488372,0.2441860465116279,0.011627906976744186,正常泪河高度,正常泪河高度,1,818.5392156862745,571.1019607843137,818.0,569.0,2.170021358216852
Colour2/Color2_000651,Colour2,test,32.0,32.0,0.0,0.37209302325581395,0.37209302325581395,0.0,较高泪河高度,较高泪河高度,1,733.2145669291339,217.50984251968504,732.6186305732484,216.80075636942675,0.926252292172137
Colour2/Color2_000656,Colour2,test,64.0,43.0,21.0,0.7441860465116279,0.5,0.2441860465116279,较高泪河高度,较高泪河高度,1,731.2045454545455,318.4431818181818,732.4626924595342,315.63580734307146,3.076407861396657
Colour1/Color1_000006,Colour1,test,17.0,15.0,2.0,0.19767441860465115,0.1744186046511628,0.023255813953488372,低泪河高度,低泪河高度,1,651.4108527131783,478.0077519379845,655.5,472.5,6.859770910438125
Colour2/Color2_000107,Colour2,test,11.0,10.0,1.0,0.12790697674418605,0.11627906976744186,0.011627906976744186,低泪河高度,低泪河高度,1,732.0996168582376,493.9942528735632,734.0,492.0,2.75472332716188
Colour1/Color1_000323,Colour1,test,13.0,15.0,2.0,0.1511627906976744,0.1744186046511628,0.023255813953488372,低泪河高度,低泪河高度,1,650.0037878787879,430.5719696969697,651.0,429.0,1.8610554313724603
Colour2/Color2_000068,Colour2,test,34.0,32.0,2.0,0.3953488372093023,0.37209302325581395,0.023255813953488372,较高泪河高度,较高泪河高度,1,656.3711538461539,387.75192307692305,656.0,385.0,2.776839174100015
Colour1/Color1_000601,Colour1,test,15.0,15.0,0.0,0.1744186046511628,0.1744186046511628,0.0,低泪河高度,低泪河高度,1,593.0582524271845,514.0330097087378,597.0,511.0,4.973582393114151
Colour2/Color2_000869,Colour2,test,22.0,21.0,1.0,0.2558139534883721,0.2441860465116279,0.011627906976744186,正常泪河高度,正常泪河高度,1,779.5760456273764,195.8897338403042,777.2765299814548,190.99979394189162,5.403636221649756
Colour2/Color2_000832,Colour2,test,27.0,25.0,2.0,0.313953488372093,0.29069767441860467,0.023255813953488372,较高泪河高度,较高泪河高度,1,636.2020202020202,404.83838383838383,636.5,403.5,1.3711539880156138
Colour2/Color2_000490,Colour2,test,45.0,42.0,3.0,0.5232558139534884,0.4883720930232558,0.03488372093023256,较高泪河高度,较高泪河高度,1,700.9828244274809,352.8110687022901,699.0100396918048,352.0053700677096,2.130969240294541
Colour2/Color2_000780,Colour2,test,19.0,20.0,1.0,0.22093023255813954,0.23255813953488372,0.011627906976744186,正常泪河高度,正常泪河高度,1,746.3499005964214,321.63220675944336,743.0,321.0,3.4090349649997087
Colour2/Color2_000277,Colour2,test,22.0,23.0,1.0,0.2558139534883721,0.26744186046511625,0.011627906976744186,正常泪河高度,正常泪河高度,1,651.5216535433071,110.14763779527559,650.386947368421,106.80421052631579,3.530731369864981
Colour2/Color2_000574,Colour2,test,42.0,41.0,1.0,0.4883720930232558,0.47674418604651164,0.011627906976744186,较高泪河高度,较高泪河高度,1,638.7760314341847,245.09037328094303,637.539354090118,244.2324502030555,1.5051255299475645
Colour1/Color1_000234,Colour1,test,15.0,15.0,0.0,0.1744186046511628,0.1744186046511628,0.0,低泪河高度,低泪河高度,1,477.41346153846155,350.15576923076924,476.0,349.0,1.8258357087928254
Colour2/Color2_000654,Colour2,test,18.0,19.0,1.0,0.20930232558139536,0.22093023255813954,0.011627906976744186,正常泪河高度,正常泪河高度,1,669.6679841897234,227.7094861660079,670.1021258857858,225.79095456440183,1.9670390231566615
Colour2/Color2_000717,Colour2,test,24.0,23.0,1.0,0.27906976744186046,0.26744186046511625,0.011627906976744186,较高泪河高度,正常泪河高度,0,520.0,274.46108949416345,520.6015569709838,270.0603916017929,4.441622758548246
Colour1/Color1_000023,Colour1,test,15.0,11.0,4.0,0.1744186046511628,0.12790697674418605,0.046511627906976744,低泪河高度,低泪河高度,1,665.328793774319,459.1634241245136,666.5,456.5,2.9095621818608546
Colour2/Color2_000311,Colour2,test,32.0,30.0,2.0,0.37209302325581395,0.3488372093023256,0.023255813953488372,较高泪河高度,较高泪河高度,1,677.812015503876,272.2848837209302,680.4570583887657,269.9977827050998,3.496724598752203
Colour1/Color1_000514,Colour1,test,8.0,9.0,1.0,0.09302325581395349,0.10465116279069768,0.011627906976744186,低泪河高度,低泪河高度,1,858.4980314960629,160.68307086614172,858.5,156.5,4.18307132931909
Colour2/Color2_000261,Colour2,test,16.0,17.0,1.0,0.18604651162790697,0.19767441860465115,0.011627906976744186,低泪河高度,低泪河高度,1,594.6604477611941,364.4776119402985,596.6211362458988,362.8131583491625,2.5719068978287987
Colour2/Color2_000136,Colour2,test,24.0,24.0,0.0,0.27906976744186046,0.27906976744186046,0.0,较高泪河高度,较高泪河高度,1,662.0497131931166,288.1873804971319,662.0,286.0,2.187945346850091
Colour2/Color2_000398,Colour2,test,19.0,24.0,5.0,0.22093023255813954,0.27906976744186046,0.05813953488372093,正常泪河高度,较高泪河高度,0,499.80392156862746,237.19803921568626,499.5,232.5,4.707859470290399
Colour1/Color1_000781,Colour1,test,15.0,15.0,0.0,0.1744186046511628,0.1744186046511628,0.0,低泪河高度,低泪河高度,1,624.758551307847,437.58953722334,625.5,436.5,1.3178913172712023
Colour1/Color1_000788,Colour1,test,29.0,30.0,1.0,0.3372093023255814,0.3488372093023256,0.011627906976744186,较高泪河高度,较高泪河高度,1,830.2892720306513,504.67432950191574,834.5,503.5,4.37141622485493
Colour1/Color1_000130,Colour1,test,24.0,26.0,2.0,0.27906976744186046,0.3023255813953488,0.023255813953488372,较高泪河高度,较高泪河高度,1,581.9768786127167,388.1059730250482,579.5,386.5,2.9519615545118483
Colour2/Color2_000399,Colour2,test,14.0,15.0,1.0,0.16279069767441862,0.1744186046511628,0.011627906976744186,低泪河高度,低泪河高度,1,720.2925851703407,442.4328657314629,721.0,442.0,0.8293421987918433
Colour2/Color2_000855,Colour2,test,18.0,17.0,1.0,0.20930232558139536,0.19767441860465115,0.011627906976744186,正常泪河高度,低泪河高度,0,608.8973880597015,93.41231343283582,611.1646706586827,87.95078592814372,5.913446800991042
Colour2/Color2_000571,Colour2,test,50.0,51.0,1.0,0.5813953488372093,0.5930232558139535,0.011627906976744186,较高泪河高度,较高泪河高度,1,721.825,285.27884615384613,721.0,285.0,0.8708502612475096
Colour1/Color1_000327,Colour1,test,22.0,23.0,1.0,0.2558139534883721,0.26744186046511625,0.011627906976744186,正常泪河高度,正常泪河高度,1,586.0,437.26510721247564,586.5,435.5,1.8345581134250089
Colour2/Color2_000463,Colour2,test,78.0,83.0,5.0,0.9069767441860465,0.9651162790697675,0.05813953488372093,较高泪河高度,较高泪河高度,1,688.0750988142292,316.64229249011856,686.0864627221102,316.26433412712953,2.0242346778552416
Colour1/Color1_000313,Colour1,test,14.0,15.0,1.0,0.16279069767441862,0.1744186046511628,0.011627906976744186,低泪河高度,低泪河高度,1,542.0307692307692,306.0346153846154,543.5,305.5,1.5634745481528893
Colour1/Color1_000224,Colour1,test,16.0,15.0,1.0,0.18604651162790697,0.1744186046511628,0.011627906976744186,低泪河高度,低泪河高度,1,761.6375968992248,493.8313953488372,761.5,486.5,7.332686456383355
Colour1/Color1_000096,Colour1,test,30.0,32.0,2.0,0.3488372093023256,0.37209302325581395,0.023255813953488372,较高泪河高度,较高泪河高度,1,700.3593155893536,268.34980988593156,696.5,270.5,4.41787667832247
Colour1/Color1_000186,Colour1,test,14.0,15.0,1.0,0.16279069767441862,0.1744186046511628,0.011627906976744186,低泪河高度,低泪河高度,1,663.921052631579,446.02255639097746,663.0,447.0,1.3430316299170102
Colour2/Color2_000188,Colour2,test,37.0,37.0,0.0,0.43023255813953487,0.43023255813953487,0.0,较高泪河高度,较高泪河高度,1,572.3367139959432,212.6369168356998,571.9585355987055,212.0968851132686,0.6592823077933576
Colour2/Color2_000221,Colour2,test,29.0,27.0,2.0,0.3372093023255814,0.313953488372093,0.023255813953488372,较高泪河高度,较高泪河高度,1,522.2892720306513,281.32567049808426,522.0694214876033,278.9846517119244,2.3513194632869077
Colour1/Color1_000283,Colour1,test,15.0,15.0,0.0,0.1744186046511628,0.1744186046511628,0.0,低泪河高度,低泪河高度,1,600.6513409961685,398.411877394636,600.0,394.0,4.4596981107009945
Colour2/Color2_000762,Colour2,test,29.0,27.0,2.0,0.3372093023255814,0.313953488372093,0.023255813953488372,较高泪河高度,较高泪河高度,1,607.5431372549019,205.83529411764707,607.4715009499683,206.34626345788473,0.5159664977955943
Colour1/Color1_000741,Colour1,test,15.0,15.0,0.0,0.1744186046511628,0.1744186046511628,0.0,低泪河高度,低泪河高度,1,734.7660377358491,432.9754716981132,734.5,429.5,3.4856390520651477
Colour1/Color1_000817,Colour1,test,24.0,26.0,2.0,0.27906976744186046,0.3023255813953488,0.023255813953488372,较高泪河高度,较高泪河高度,1,740.466796875,461.884765625,740.0,457.0,4.907018904965764
Colour2/Color2_000373,Colour2,test,11.0,15.0,4.0,0.12790697674418605,0.1744186046511628,0.046511627906976744,低泪河高度,低泪河高度,1,666.745247148289,321.05893536121675,665.5,316.5,4.725942455010888
Colour2/Color2_000055,Colour2,test,24.0,24.0,0.0,0.27906976744186046,0.27906976744186046,0.0,较高泪河高度,较高泪河高度,1,629.9863813229572,357.42412451361866,630.5,353.5,3.9575948938452674
Colour2/Color2_000375,Colour2,test,18.0,19.0,1.0,0.20930232558139536,0.22093023255813954,0.011627906976744186,正常泪河高度,正常泪河高度,1,605.287109375,319.986328125,605.0,319.0,1.027265770567143
Colour2/Color2_000707,Colour2,test,28.0,28.0,0.0,0.32558139534883723,0.32558139534883723,0.0,较高泪河高度,较高泪河高度,1,727.7589641434263,375.49800796812747,728.2469765684051,373.84939531368104,1.7193253942563034
Colour1/Color1_000538,Colour1,test,19.0,17.0,2.0,0.22093023255813954,0.19767441860465115,0.023255813953488372,正常泪河高度,低泪河高度,0,765.0307692307692,428.9653846153846,766.5,426.5,2.8699756715048172
Colour2/Color2_000281,Colour2,test,32.0,28.0,4.0,0.37209302325581395,0.32558139534883723,0.046511627906976744,较高泪河高度,较高泪河高度,1,709.7094188376753,246.40480961923848,710.0,246.0,0.49830536794815833
Colour2/Color2_000846,Colour2,test,25.0,24.0,1.0,0.29069767441860467,0.27906976744186046,0.011627906976744186,较高泪河高度,较高泪河高度,1,824.6235294117647,348.57450980392156,823.6258291065158,346.0097541943035,2.7519769686828766
Colour2/Color2_000703,Colour2,test,19.0,19.0,0.0,0.22093023255813954,0.22093023255813954,0.0,正常泪河高度,正常泪河高度,1,613.7608286252354,302.41996233521655,614.3754756871036,301.7822410147991,0.8857084696322057
Colour1/Color1_000505,Colour1,test,10.0,13.0,3.0,0.11627906976744186,0.1511627906976744,0.03488372093023256,低泪河高度,低泪河高度,1,572.9007782101168,269.9182879377432,572.5,268.5,1.4738262611489092
Colour2/Color2_000863,Colour2,test,24.0,23.0,1.0,0.27906976744186046,0.26744186046511625,0.011627906976744186,较高泪河高度,正常泪河高度,0,655.5983772819473,263.3387423935091,654.4643950214243,261.7206692511732,1.9758735944208652
Colour1/Color1_000542,Colour1,test,15.0,15.0,0.0,0.1744186046511628,0.1744186046511628,0.0,低泪河高度,低泪河高度,1,738.666015625,544.900390625,740.0,541.0,4.122203456930775
Colour1/Color1_000292,Colour1,test,19.0,19.0,0.0,0.22093023255813954,0.22093023255813954,0.0,正常泪河高度,正常泪河高度,1,830.1531007751938,359.734496124031,829.5,357.5,2.3279848691235907
Colour2/Color2_000117,Colour2,test,26.0,30.0,4.0,0.3023255813953488,0.3488372093023256,0.046511627906976744,较高泪河高度,较高泪河高度,1,716.1067193675889,212.7094861660079,717.0,211.0,1.9288061696327137
Colour2/Color2_000494,Colour2,test,47.0,47.0,0.0,0.5465116279069767,0.5465116279069767,0.0,较高泪河高度,较高泪河高度,1,635.0,314.96360153256705,635.8812572759022,310.679394644936,4.373904782040401
Colour1/Color1_000810,Colour1,test,12.0,13.0,1.0,0.13953488372093023,0.1511627906976744,0.011627906976744186,低泪河高度,低泪河高度,1,790.2575452716297,424.45875251509057,790.0,420.0,4.466184451829692
Colour2/Color2_000200,Colour2,test,18.0,17.0,1.0,0.20930232558139536,0.19767441860465115,0.011627906976744186,正常泪河高度,低泪河高度,0,723.4850299401197,169.48502994011977,723.4252020091723,163.6580039309893,5.827333137242485
Colour2/Color2_000520,Colour2,test,22.0,21.0,1.0,0.2558139534883721,0.2441860465116279,0.011627906976744186,正常泪河高度,正常泪河高度,1,611.1768060836501,247.0,611.7581539826936,242.20368315952962,4.83142014462642
Colour1/Color1_000435,Colour1,test,29.0,29.0,0.0,0.3372093023255814,0.3372093023255814,0.0,较高泪河高度,较高泪河高度,1,739.6135458167331,451.4800796812749,742.5,448.5,4.148794121048484
Colour1/Color1_000644,Colour1,test,22.0,23.0,1.0,0.2558139534883721,0.26744186046511625,0.011627906976744186,正常泪河高度,正常泪河高度,1,708.782196969697,317.2291666666667,708.0,315.0,2.362417432881206
Colour2/Color2_000648,Colour2,test,29.0,30.0,1.0,0.3372093023255814,0.3488372093023256,0.011627906976744186,较高泪河高度,较高泪河高度,1,593.805293005671,289.0359168241966,588.3821715567184,287.7004298262007,5.585138473834502
Colour2/Color2_000339,Colour2,test,19.0,19.0,0.0,0.22093023255813954,0.22093023255813954,0.0,正常泪河高度,正常泪河高度,1,599.496062992126,225.9015748031496,599.5,223.5,2.4015780302030665
Colour1/Color1_000432,Colour1,test,17.0,15.0,2.0,0.19767441860465115,0.1744186046511628,0.023255813953488372,低泪河高度,低泪河高度,1,782.0136186770428,502.42412451361866,782.0,505.0,2.575911487164238
Colour1/Color1_000135,Colour1,test,23.0,24.0,1.0,0.26744186046511625,0.27906976744186046,0.011627906976744186,正常泪河高度,较高泪河高度,0,571.5734406438631,458.5734406438632,572.5,459.5,1.3103528077923945
Colour1/Color1_000548,Colour1,test,9.0,11.0,2.0,0.10465116279069768,0.12790697674418605,0.023255813953488372,低泪河高度,低泪河高度,1,750.2303149606299,217.32874015748033,748.0,218.0,2.329140313461
Colour1/Color1_000821,Colour1,test,9.0,9.0,0.0,0.10465116279069768,0.10465116279069768,0.0,低泪河高度,低泪河高度,1,700.2120622568093,153.08560311284046,704.5,150.5,5.007170213464846
Colour1/Color1_000646,Colour1,test,20.0,19.0,1.0,0.23255813953488372,0.22093023255813954,0.011627906976744186,正常泪河高度,正常泪河高度,1,668.5485148514852,424.0,669.0,417.0,7.014544806281408
Colour2/Color2_000854,Colour2,test,26.0,25.0,1.0,0.3023255813953488,0.29069767441860467,0.011627906976744186,较高泪河高度,较高泪河高度,1,652.9019607843137,253.6137254901961,651.8827573037998,252.26637387817453,1.6894176810690222
Colour1/Color1_000469,Colour1,test,16.0,17.0,1.0,0.18604651162790697,0.19767441860465115,0.011627906976744186,低泪河高度,低泪河高度,1,561.7380952380952,456.9047619047619,567.5,457.5,5.79256893573862
Colour1/Color1_000114,Colour1,test,17.0,17.0,0.0,0.19767441860465115,0.19767441860465115,0.0,低泪河高度,低泪河高度,1,711.0634615384615,486.22115384615387,712.0,488.0,2.0103228419818624
Colour2/Color2_000751,Colour2,test,38.0,32.0,6.0,0.4418604651162791,0.37209302325581395,0.06976744186046512,较高泪河高度,较高泪河高度,1,699.4294117647058,331.1764705882353,700.2412667946257,330.91497120921304,0.8529305451414507
Colour1/Color1_000664,Colour1,test,14.0,15.0,1.0,0.16279069767441862,0.1744186046511628,0.011627906976744186,低泪河高度,低泪河高度,1,814.7217898832685,247.90272373540856,815.0,248.0,0.29472621312778285
Colour2/Color2_000580,Colour2,test,17.0,15.0,2.0,0.19767441860465115,0.1744186046511628,0.023255813953488372,低泪河高度,低泪河高度,1,592.2315175097276,299.5175097276265,595.3448589626934,296.78389444949954,4.143132569875591
Colour1/Color1_000449,Colour1,test,24.0,23.0,1.0,0.27906976744186046,0.26744186046511625,0.011627906976744186,较高泪河高度,正常泪河高度,0,698.4897196261683,29.637383177570094,699.0,32.960801206116734,3.3623642652732757
Colour2/Color2_000318,Colour2,test,12.0,13.0,1.0,0.13953488372093023,0.1511627906976744,0.011627906976744186,低泪河高度,低泪河高度,1,669.2893700787401,366.9232283464567,670.0,364.0,3.0083648134024266
Colour2/Color2_000587,Colour2,test,34.0,34.0,0.0,0.3953488372093023,0.3953488372093023,0.0,较高泪河高度,较高泪河高度,1,760.5629921259842,322.28740157480314,761.2420698210171,320.46322877901827,1.946471912145872
Colour2/Color2_000488,Colour2,test,26.0,26.0,0.0,0.3023255813953488,0.3023255813953488,0.0,较高泪河高度,较高泪河高度,1,690.8997995991984,505.65330661322645,692.016168544831,506.0872121509064,1.1977285328495817
Colour1/Color1_000552,Colour1,test,17.0,19.0,2.0,0.19767441860465115,0.22093023255813954,0.023255813953488372,低泪河高度,正常泪河高度,0,571.0,437.26510721247564,571.0,436.0,1.265107212475641
Colour1/Color1_000777,Colour1,test,52.0,53.0,1.0,0.6046511627906976,0.6162790697674418,0.011627906976744186,较高泪河高度,较高泪河高度,1,793.6988636363636,289.5890151515151,793.0,286.0,3.6564245021655437
Colour2/Color2_000124,Colour2,test,13.0,13.0,0.0,0.1511627906976744,0.1511627906976744,0.0,低泪河高度,低泪河高度,1,637.8478701825558,407.84787018255577,638.5,404.5,3.4107928782096737
Colour1/Color1_000334,Colour1,test,15.0,17.0,2.0,0.1744186046511628,0.19767441860465115,0.023255813953488372,低泪河高度,低泪河高度,1,658.7301587301587,462.95238095238096,660.0,460.0,3.213883964702856
Colour2/Color2_000865,Colour2,test,14.0,15.0,1.0,0.16279069767441862,0.1744186046511628,0.011627906976744186,低泪河高度,低泪河高度,1,671.1821782178217,362.0,671.5640182186235,359.6017206477733,2.428486285225695
Colour2/Color2_000671,Colour2,test,25.0,26.0,1.0,0.29069767441860467,0.3023255813953488,0.011627906976744186,较高泪河高度,较高泪河高度,1,806.7799227799228,451.86293436293437,806.3493285939968,453.2948262243286,1.495234314641099
Colour2/Color2_000271,Colour2,test,30.0,32.0,2.0,0.3488372093023256,0.37209302325581395,0.023255813953488372,较高泪河高度,较高泪河高度,1,585.7687626774848,233.4442190669371,585.6007288924884,231.8218262806236,1.6310713368771732
Colour1/Color1_000350,Colour1,test,19.0,19.0,0.0,0.22093023255813954,0.22093023255813954,0.0,正常泪河高度,正常泪河高度,1,473.67293233082705,259.6691729323308,475.0,258.0,2.1324274610382306
Colour2/Color2_000478,Colour2,test,28.0,28.0,0.0,0.32558139534883723,0.32558139534883723,0.0,较高泪河高度,较高泪河高度,1,643.8933333333333,418.18285714285713,646.814953271028,418.4865153538051,2.937357889228212
Colour2/Color2_000425,Colour2,test,13.0,13.0,0.0,0.1511627906976744,0.1511627906976744,0.0,低泪河高度,低泪河高度,1,613.6597353497165,220.8241965973535,610.5,220.5,3.176323490135011
Colour1/Color1_000146,Colour1,test,20.0,19.0,1.0,0.23255813953488372,0.22093023255813954,0.011627906976744186,正常泪河高度,正常泪河高度,1,794.9018404907976,426.90184049079755,797.0,423.0,4.430195542149798
Colour2/Color2_000505,Colour2,test,25.0,21.0,4.0,0.29069767441860467,0.2441860465116279,0.046511627906976744,较高泪河高度,正常泪河高度,0,611.3429118773946,247.2183908045977,613.9225411566061,242.88919375263825,5.039487506965349
Colour2/Color2_000577,Colour2,test,31.0,32.0,1.0,0.36046511627906974,0.37209302325581395,0.011627906976744186,较高泪河高度,较高泪河高度,1,755.7509578544061,240.80268199233717,753.9732620320856,240.65584415584416,1.7837499227531424
Colour2/Color2_000615,Colour2,test,15.0,15.0,0.0,0.1744186046511628,0.1744186046511628,0.0,低泪河高度,低泪河高度,1,620.5177865612649,268.54347826086956,620.0437687168856,264.8318359824925,3.7417885188003255
Colour1/Color1_000546,Colour1,test,19.0,22.0,3.0,0.22093023255813954,0.2558139534883721,0.03488372093023256,正常泪河高度,正常泪河高度,1,538.672619047619,529.6051587301587,542.0,526.0,4.905979359099157
Colour2/Color2_000550,Colour2,test,20.0,17.0,3.0,0.23255813953488372,0.19767441860465115,0.03488372093023256,正常泪河高度,低泪河高度,0,756.2194656488549,364.51335877862596,756.6851318413472,360.82118324839354,3.721425150245179
Colour1/Color1_000429,Colour1,test,15.0,17.0,2.0,0.1744186046511628,0.19767441860465115,0.023255813953488372,低泪河高度,低泪河高度,1,777.5175097276265,464.6206225680934,778.5,461.5,3.2716314504849615
Colour1/Color1_000727,Colour1,test,11.0,11.0,0.0,0.12790697674418605,0.12790697674418605,0.0,低泪河高度,低泪河高度,1,893.8178217821783,232.0,893.5,228.5,3.5144004730859817
Colour1/Color1_000758,Colour1,test,8.0,6.0,2.0,0.09302325581395349,0.06976744186046512,0.023255813953488372,低泪河高度,低泪河高度,1,714.0570866141733,488.1712598425197,714.5,489.5,1.4006151053895073
Colour1/Color1_000333,Colour1,test,22.0,21.0,1.0,0.2558139534883721,0.2441860465116279,0.011627906976744186,正常泪河高度,正常泪河高度,1,686.0646464646464,371.6161616161616,686.0,365.0,6.616477438679999
Colour1/Color1_000747,Colour1,test,16.0,17.0,1.0,0.18604651162790697,0.19767441860465115,0.011627906976744186,低泪河高度,低泪河高度,1,788.1793372319688,534.8206627680312,788.5,530.5,4.332545598819742
Colour2/Color2_000479,Colour2,test,26.0,26.0,0.0,0.3023255813953488,0.3023255813953488,0.0,较高泪河高度,较高泪河高度,1,686.7967806841046,472.4366197183099,688.7795608108108,471.21157094594594,2.330699793094646
Colour2/Color2_000106,Colour2,test,19.0,17.0,2.0,0.22093023255813954,0.19767441860465115,0.023255813953488372,正常泪河高度,低泪河高度,0,686.2239685658153,374.909626719057,683.0,375.0,3.2252349748930924
Colour2/Color2_000827,Colour2,test,20.0,19.0,1.0,0.23255813953488372,0.22093023255813954,0.011627906976744186,正常泪河高度,正常泪河高度,1,759.5410821643287,340.64328657314627,759.0459155449014,339.728379125945,1.0403103469346928
Colour2/Color2_000820,Colour2,test,13.0,12.0,1.0,0.1511627906976744,0.13953488372093023,0.011627906976744186,低泪河高度,低泪河高度,1,846.1634241245137,431.1964980544747,846.1847068470685,430.42353423534234,0.773256761992449
Colour1/Color1_000206,Colour1,test,12.0,6.0,6.0,0.13953488372093023,0.06976744186046512,0.06976744186046512,低泪河高度,低泪河高度,1,671.7795591182364,437.7254509018036,671.5,439.5,1.7964347476317755
Colour2/Color2_000850,Colour2,test,22.0,21.0,1.0,0.2558139534883721,0.2441860465116279,0.011627906976744186,正常泪河高度,正常泪河高度,1,620.0,174.69391634980988,619.7714523166425,169.58508206939538,5.113943854629851
Colour1/Color1_000163,Colour1,test,12.0,13.0,1.0,0.13953488372093023,0.1511627906976744,0.011627906976744186,低泪河高度,低泪河高度,1,643.125,496.82954545454544,646.0,495.0,3.4077648936286487
Colour1/Color1_000592,Colour1,test,11.0,11.0,0.0,0.12790697674418605,0.12790697674418605,0.0,低泪河高度,低泪河高度,1,600.6593186372745,394.57915831663325,604.0,390.0,5.668231016468272
Colour2/Color2_000761,Colour2,test,19.0,20.0,1.0,0.22093023255813954,0.23255813953488372,0.011627906976744186,正常泪河高度,正常泪河高度,1,853.264,362.728,851.2642666247446,362.8886967457947,2.006179706860676
Colour1/Color1_000466,Colour1,test,11.0,8.0,3.0,0.12790697674418605,0.09302325581395349,0.03488372093023256,低泪河高度,低泪河高度,1,757.7596153846154,475.36346153846154,758.0,472.0,3.372040670576745
Colour2/Color2_000532,Colour2,test,16.0,15.0,1.0,0.18604651162790697,0.1744186046511628,0.011627906976744186,低泪河高度,低泪河高度,1,748.8725490196078,197.62745098039215,745.3396962233169,196.4644909688013,3.7193446827123067
Colour1/Color1_000093,Colour1,test,22.0,17.0,5.0,0.2558139534883721,0.19767441860465115,0.05813953488372093,正常泪河高度,低泪河高度,0,653.3294117647059,380.88039215686274,651.5,379.5,2.291774402416741
Colour1/Color1_000142,Colour1,test,28.0,25.0,3.0,0.32558139534883723,0.29069767441860467,0.03488372093023256,较高泪河高度,较高泪河高度,1,649.7107279693487,441.32567049808426,649.5,442.5,1.1930867764481672
Colour2/Color2_000620,Colour2,test,15.0,15.0,0.0,0.1744186046511628,0.1744186046511628,0.0,低泪河高度,低泪河高度,1,691.1535353535354,458.5656565656566,690.4887585532747,460.030303030303,1.6084518831989127
Colour1/Color1_000393,Colour1,test,54.0,54.0,0.0,0.627906976744186,0.627906976744186,0.0,较高泪河高度,较高泪河高度,1,761.8236434108527,504.9593023255814,763.0,501.0,4.130361936947487
Colour2/Color2_000360,Colour2,test,26.0,26.0,0.0,0.3023255813953488,0.3023255813953488,0.0,较高泪河高度,较高泪河高度,1,754.3661417322835,399.1771653543307,753.0,398.0,1.8033473054636842
Colour1/Color1_000740,Colour1,test,6.0,6.0,0.0,0.06976744186046512,0.06976744186046512,0.0,低泪河高度,低泪河高度,1,734.3850574712644,311.0,731.5,310.5,2.9280636284921533
Colour2/Color2_000444,Colour2,test,23.0,24.0,1.0,0.26744186046511625,0.27906976744186046,0.011627906976744186,正常泪河高度,较高泪河高度,0,640.2892057026477,330.41140529531566,640.5,325.5,4.915926790611407
Colour2/Color2_000465,Colour2,test,20.0,21.0,1.0,0.23255813953488372,0.2441860465116279,0.011627906976744186,正常泪河高度,正常泪河高度,1,609.4960784313726,308.278431372549,609.9159613059251,306.70274083031035,1.6306754162747417
Colour1/Color1_000600,Colour1,test,14.0,15.0,1.0,0.16279069767441862,0.1744186046511628,0.011627906976744186,低泪河高度,低泪河高度,1,630.8442307692308,347.76730769230767,632.5,343.5,4.5772793978946
Colour2/Color2_000308,Colour2,test,18.0,38.0,20.0,0.20930232558139536,0.4418604651162791,0.23255813953488372,正常泪河高度,较高泪河高度,0,728.8494208494209,228.3918918918919,730.0,227.0,1.805878019264254
Colour1/Color1_000161,Colour1,test,19.0,19.0,0.0,0.22093023255813954,0.22093023255813954,0.0,正常泪河高度,正常泪河高度,1,642.1634241245137,365.06420233463035,644.0,364.0,2.122625156604701
Colour1/Color1_000775,Colour1,test,24.0,23.0,1.0,0.27906976744186046,0.26744186046511625,0.011627906976744186,较高泪河高度,正常泪河高度,0,652.2403846153846,411.36346153846154,653.5,415.5,4.324069999542873
Colour1/Color1_000255,Colour1,test,26.0,26.0,0.0,0.3023255813953488,0.3023255813953488,0.0,较高泪河高度,较高泪河高度,1,627.5119521912351,518.1633466135459,629.5,515.5,3.323514596601189
Colour2/Color2_000276,Colour2,test,18.0,21.0,3.0,0.20930232558139536,0.2441860465116279,0.03488372093023256,正常泪河高度,正常泪河高度,1,789.2806324110672,334.90316205533594,788.5,334.5,0.878593537462779
Colour2/Color2_000118,Colour2,test,41.0,37.0,4.0,0.47674418604651164,0.43023255813953487,0.046511627906976744,较高泪河高度,较高泪河高度,1,766.3821292775665,234.17490494296578,764.0,238.0,4.506205952948341
Colour2/Color2_000672,Colour2,test,57.0,64.0,7.0,0.6627906976744186,0.7441860465116279,0.08139534883720931,较高泪河高度,较高泪河高度,1,717.1692015209126,158.92015209125475,716.171522556391,156.71287593984962,2.4222781270553306
Colour1/Color1_000088,Colour1,test,18.0,17.0,1.0,0.20930232558139536,0.19767441860465115,0.011627906976744186,正常泪河高度,低泪河高度,0,670.7816091954023,336.6570881226054,670.0,339.0,2.4698479709436003
Colour1/Color1_000541,Colour1,test,29.0,27.0,2.0,0.3372093023255814,0.313953488372093,0.023255813953488372,较高泪河高度,较高泪河高度,1,564.4704684317719,523.1710794297352,562.5,522.5,2.0816083785437014
Colour2/Color2_000414,Colour2,test,30.0,29.0,1.0,0.3488372093023256,0.3372093023255814,0.011627906976744186,较高泪河高度,较高泪河高度,1,830.9822134387351,391.699604743083,831.9349634484497,389.3957650617595,2.493072373247891
Colour1/Color1_000704,Colour1,test,27.0,26.0,1.0,0.313953488372093,0.3023255813953488,0.011627906976744186,较高泪河高度,较高泪河高度,1,729.3548387096774,409.1532258064516,730.0,412.0,2.918964953469618
Colour1/Color1_000735,Colour1,test,22.0,21.0,1.0,0.2558139534883721,0.2441860465116279,0.011627906976744186,正常泪河高度,正常泪河高度,1,681.1283524904214,412.6551724137931,683.0,409.0,4.106500916189547
Colour1/Color1_000198,Colour1,test,22.0,22.0,0.0,0.2558139534883721,0.2558139534883721,0.0,正常泪河高度,正常泪河高度,1,639.5600775193799,385.6453488372093,641.0,384.0,2.186446785609304
Colour1/Color1_000778,Colour1,test,19.0,15.0,4.0,0.22093023255813954,0.1744186046511628,0.046511627906976744,正常泪河高度,低泪河高度,0,613.4897196261683,349.6373831775701,612.0,350.0,1.533217376793026
Colour1/Color1_000189,Colour1,test,20.0,21.0,1.0,0.23255813953488372,0.2441860465116279,0.011627906976744186,正常泪河高度,正常泪河高度,1,661.1171875,340.3828125,661.5,338.5,1.9213350359352999
Colour2/Color2_000861,Colour2,test,18.0,17.0,1.0,0.20930232558139536,0.19767441860465115,0.011627906976744186,正常泪河高度,低泪河高度,0,583.5811088295687,104.81108829568788,583.2197003085059,101.03746143675627,3.7908937982416266
Colour1/Color1_000689,Colour1,test,41.0,45.0,4.0,0.47674418604651164,0.5232558139534884,0.046511627906976744,较高泪河高度,较高泪河高度,1,513.4265593561369,362.5734406438632,511.5,364.5,2.7245663701654896
Colour2/Color2_000741,Colour2,test,13.0,13.0,0.0,0.1511627906976744,0.1511627906976744,0.0,低泪河高度,低泪河高度,1,550.774,465.018,551.442445307708,463.6922919648334,1.484695566068049
Colour1/Color1_000440,Colour1,test,16.0,6.0,10.0,0.18604651162790697,0.06976744186046512,0.11627906976744186,低泪河高度,低泪河高度,1,728.2789373814041,315.8178368121442,728.5,315.5,0.38715490503730854
Colour1/Color1_000318,Colour1,test,16.0,17.0,1.0,0.18604651162790697,0.19767441860465115,0.011627906976744186,低泪河高度,低泪河高度,1,627.1614173228346,458.8937007874016,632.0,456.0,5.637853010745636
Colour2/Color2_000836,Colour2,test,23.0,25.0,2.0,0.26744186046511625,0.29069767441860467,0.023255813953488372,正常泪河高度,较高泪河高度,0,725.4783464566929,282.6712598425197,725.262288711871,282.1927336312415,0.5250412212177433
Colour1/Color1_000696,Colour1,test,66.0,44.0,22.0,0.7674418604651163,0.5116279069767442,0.2558139534883721,较高泪河高度,较高泪河高度,1,761.6462450592885,391.2490118577075,762.0,389.0,2.27666354435317
Colour2/Color2_000043,Colour2,test,24.0,24.0,0.0,0.27906976744186046,0.27906976744186046,0.0,较高泪河高度,较高泪河高度,1,674.8249027237354,411.7140077821012,677.8995660260384,406.49535027898327,6.057057087181711
Colour2/Color2_000607,Colour2,test,18.0,17.0,1.0,0.20930232558139536,0.19767441860465115,0.011627906976744186,正常泪河高度,低泪河高度,0,535.1158301158301,413.75096525096524,537.479268292683,411.5170731707317,3.252093762783523
Colour1/Color1_000326,Colour1,test,15.0,12.0,3.0,0.1744186046511628,0.13953488372093023,0.03488372093023256,低泪河高度,低泪河高度,1,875.5758754863813,130.13813229571986,876.0,129.0,1.2145891180201096
Colour2/Color2_000828,Colour2,test,16.0,17.0,1.0,0.18604651162790697,0.19767441860465115,0.011627906976744186,低泪河高度,低泪河高度,1,543.8358208955224,315.2425373134328,542.9364123159304,313.3344489067381,2.1094400111893425
Colour2/Color2_000732,Colour2,test,21.0,19.0,2.0,0.2441860465116279,0.22093023255813954,0.023255813953488372,正常泪河高度,正常泪河高度,1,546.0056603773585,114.44150943396227,540.5,108.5,8.100236449924024
Colour1/Color1_000013,Colour1,test,12.0,11.0,1.0,0.13953488372093023,0.12790697674418605,0.011627906976744186,低泪河高度,低泪河高度,1,724.5791505791506,129.04054054054055,725.5,125.5,3.658331720209349
Colour2/Color2_000835,Colour2,test,18.0,19.0,1.0,0.20930232558139536,0.22093023255813954,0.011627906976744186,正常泪河高度,正常泪河高度,1,662.9941176470588,325.32941176470587,666.0947979363715,321.9165950128977,4.611023361245809
Colour1/Color1_000569,Colour1,test,16.0,17.0,1.0,0.18604651162790697,0.19767441860465115,0.011627906976744186,低泪河高度,低泪河高度,1,663.9633911368015,349.66281310211946,665.5,345.5,4.437361797469022
Colour2/Color2_000384,Colour2,test,14.0,15.0,1.0,0.16279069767441862,0.1744186046511628,0.011627906976744186,低泪河高度,低泪河高度,1,596.8003696857671,317.2199630314233,604.5,314.5,8.165935700712025
Colour2/Color2_000097,Colour2,test,37.0,38.0,1.0,0.43023255813953487,0.4418604651162791,0.011627906976744186,较高泪河高度,较高泪河高度,1,639.8513238289206,119.89816700610999,640.3060086723106,116.09539541606442,3.829857709219263
Colour1/Color1_000451,Colour1,test,19.0,19.0,0.0,0.22093023255813954,0.22093023255813954,0.0,正常泪河高度,正常泪河高度,1,696.3308411214954,240.3626168224299,697.0,238.0,2.4555512322715605
Colour2/Color2_000037,Colour2,test,14.0,17.0,3.0,0.16279069767441862,0.19767441860465115,0.03488372093023256,低泪河高度,低泪河高度,1,573.5250501002004,263.436873747495,575.5,262.5,2.185900163654302
Colour2/Color2_000858,Colour2,test,11.0,10.0,1.0,0.12790697674418605,0.11627906976744186,0.011627906976744186,低泪河高度,低泪河高度,1,654.2651072124756,341.0,654.0554406288787,342.69611088125777,1.7090208301241383
Colour2/Color2_000614,Colour2,test,24.0,24.0,0.0,0.27906976744186046,0.27906976744186046,0.0,较高泪河高度,较高泪河高度,1,567.090373280943,308.7760314341847,566.7931399534194,304.5530383230997,4.233440500026179
Colour2/Color2_000508,Colour2,test,14.0,13.0,1.0,0.16279069767441862,0.1511627906976744,0.011627906976744186,低泪河高度,低泪河高度,1,711.2924528301887,314.8754716981132,712.1562235393734,313.4822184589331,1.6392847301586007
Colour2/Color2_000644,Colour2,test,27.0,26.0,1.0,0.313953488372093,0.3023255813953488,0.011627906976744186,较高泪河高度,较高泪河高度,1,732.1692607003891,377.1750972762646,732.8718080990457,376.9249419654372,0.7457550046055254
Colour1/Color1_000407,Colour1,test,11.0,11.0,0.0,0.12790697674418605,0.12790697674418605,0.0,低泪河高度,低泪河高度,1,832.1601489757915,385.6927374301676,833.0,384.0,1.8896321732957813
Colour2/Color2_000327,Colour2,test,21.0,22.0,1.0,0.2441860465116279,0.2558139534883721,0.011627906976744186,正常泪河高度,正常泪河高度,1,826.265503875969,274.8468992248062,826.0,278.0,3.1642592824676092
Colour1/Color1_000054,Colour1,test,27.0,27.0,0.0,0.313953488372093,0.313953488372093,0.0,较高泪河高度,较高泪河高度,1,767.2188099808061,461.5297504798464,766.0,463.0,1.9097464284099015
Colour2/Color2_000410,Colour2,test,21.0,21.0,0.0,0.2441860465116279,0.2441860465116279,0.0,正常泪河高度,正常泪河高度,1,581.9843444227006,135.68884540117418,580.5,133.5,2.644678157251594
Colour2/Color2_000212,Colour2,test,22.0,23.0,1.0,0.2558139534883721,0.26744186046511625,0.011627906976744186,正常泪河高度,正常泪河高度,1,729.3577075098814,434.89328063241106,729.8033578174187,437.9907660020986,3.1293801002812875
Colour1/Color1_000476,Colour1,test,30.0,30.0,0.0,0.3488372093023256,0.3488372093023256,0.0,较高泪河高度,较高泪河高度,1,705.5600775193799,221.3546511627907,707.0,219.0,2.7600287767751235
Colour1/Color1_000447,Colour1,test,19.0,19.0,0.0,0.22093023255813954,0.22093023255813954,0.0,正常泪河高度,正常泪河高度,1,685.7760314341847,138.09037328094303,684.5,135.5,2.887609730495271
Colour1/Color1_000191,Colour1,test,24.0,19.0,5.0,0.27906976744186046,0.22093023255813954,0.05813953488372093,较高泪河高度,正常泪河高度,0,680.9324324324324,435.4054054054054,683.5,432.5,3.8773423609199202
Colour1/Color1_000061,Colour1,test,14.0,10.0,4.0,0.16279069767441862,0.11627906976744186,0.046511627906976744,低泪河高度,低泪河高度,1,679.2126436781609,517.911877394636,681.5,515.5,3.324026400288261
Colour1/Color1_000065,Colour1,test,18.0,13.0,5.0,0.20930232558139536,0.1511627906976744,0.05813953488372093,正常泪河高度,低泪河高度,0,609.8515625,394.0078125,610.5,393.5,0.8236168566527157
Colour2/Color2_000042,Colour2,test,16.0,17.0,1.0,0.18604651162790697,0.19767441860465115,0.011627906976744186,低泪河高度,低泪河高度,1,773.5175097276265,464.6206225680934,773.9008899676376,461.02406957928804,3.616928781399435
Colour2/Color2_000387,Colour2,test,32.0,39.0,7.0,0.37209302325581395,0.45348837209302323,0.08139534883720931,较高泪河高度,较高泪河高度,1,683.9713740458016,291.9332061068702,682.5,291.5,1.533821734651091
Colour1/Color1_000178,Colour1,test,28.0,28.0,0.0,0.32558139534883723,0.32558139534883723,0.0,较高泪河高度,较高泪河高度,1,655.5888223552894,359.65269461077844,656.0,359.0,0.7714125423202498
Colour2/Color2_000294,Colour2,test,40.0,39.0,1.0,0.46511627906976744,0.45348837209302323,0.011627906976744186,较高泪河高度,较高泪河高度,1,724.2239685658153,184.90962671905697,723.5,184.5,0.8318200125352001
Colour2/Color2_000694,Colour2,test,11.0,10.0,1.0,0.12790697674418605,0.11627906976744186,0.011627906976744186,低泪河高度,低泪河高度,1,536.5315682281059,294.89816700611,535.8649820856119,293.640769375825,1.4231605271406618
Colour2/Color2_000563,Colour2,test,23.0,23.0,0.0,0.26744186046511625,0.26744186046511625,0.0,正常泪河高度,正常泪河高度,1,774.3225152129818,249.07707910750509,774.2837014470678,247.82292460015233,1.2547549707961518
Colour1/Color1_000209,Colour1,test,11.0,11.0,0.0,0.12790697674418605,0.12790697674418605,0.0,低泪河高度,低泪河高度,1,697.3967611336033,438.88461538461536,698.0,437.0,1.9788057706254332
Colour2/Color2_000686,Colour2,test,14.0,13.0,1.0,0.16279069767441862,0.1511627906976744,0.011627906976744186,低泪河高度,低泪河高度,1,832.0497131931166,222.10133843212236,832.9815389924086,221.26138716356107,1.254518813642801
Colour1/Color1_000285,Colour1,test,21.0,19.0,2.0,0.2441860465116279,0.22093023255813954,0.023255813953488372,正常泪河高度,正常泪河高度,1,630.5421455938697,421.6513409961686,634.0,421.0,3.5186648301997563
Colour1/Color1_000457,Colour1,test,22.0,19.0,3.0,0.2558139534883721,0.22093023255813954,0.03488372093023256,正常泪河高度,正常泪河高度,1,770.361328125,321.583984375,768.0,319.0,3.5004065141294882
Colour1/Color1_000501,Colour1,test,11.0,10.0,1.0,0.12790697674418605,0.11627906976744186,0.011627906976744186,低泪河高度,低泪河高度,1,795.9962121212121,334.29924242424244,795.5,334.5,0.5352850394527108
Colour1/Color1_000563,Colour1,test,31.0,32.0,1.0,0.36046511627906974,0.37209302325581395,0.011627906976744186,较高泪河高度,较高泪河高度,1,569.0,486.26510721247564,570.5,482.5,4.052904183599224
Colour2/Color2_000696,Colour2,test,24.0,23.0,1.0,0.27906976744186046,0.26744186046511625,0.011627906976744186,较高泪河高度,正常泪河高度,0,576.5268199233717,284.6360153256705,573.2572916666667,284.2309895833333,3.2945198243975398
Colour1/Color1_000051,Colour1,test,26.0,19.0,7.0,0.3023255813953488,0.22093023255813954,0.08139534883720931,较高泪河高度,正常泪河高度,0,725.4249011857708,561.4545454545455,726.0,558.0,3.5020883689091624
Colour1/Color1_000228,Colour1,test,16.0,15.0,1.0,0.18604651162790697,0.1744186046511628,0.011627906976744186,低泪河高度,低泪河高度,1,694.2892720306513,503.32567049808426,697.5,501.5,3.6934870868507383
Colour2/Color2_000487,Colour2,test,21.0,21.0,0.0,0.2441860465116279,0.2441860465116279,0.0,正常泪河高度,正常泪河高度,1,607.1337209302326,332.02131782945736,606.6762958963283,330.03887688984884,2.03452936589234
